taxa,group,sp_ix,sp,ID,ID_from_JAG,Grouping,Species,Data_source,Prey_wt_g,Prey_E_kJ,Body_length_m,Body_mass_kg,Number_of_dives,Depth_m_max,Depth_m_median,Duration_min_max,Duration_min_median,foragedur_min_max,foragedur_min_median,foraging_phase_of_dive_max,foraging_phase_of_dive_median,foraging_count_max,foraging_count_median,foraging_count_per_dive_min_max,foraging_count_per_dive_min_median,Surftime_min_max,Surftime_min_med,Surftime_min_post_max_duration,Surftime_min_post_max_depth,surf_by_dive_time_max,surf_by_dive_time_med,surf_by_dive_max_duration,surf_by_dive_max_depth,transit_time_min_max,transit_time_min_median,transit_time_of_dive_max,transit_time_of_dive_median,total_buzz_count,total_duration_h
M,0,1,1,ba-130213,ba-130213,Balaenopteridae,Balaenoptera_bonaerensis,,268,1227,7.8,6700,169,104.88,34.04,9.37,2.61,7.13,1.93,0.90,0.75,24,8,5.90,3.45,52.16,1.12,8.03,2.33,83.20,0.37,0.86,0.62,5.37,0.59,1.00,0.25,,
M,0,2,1,ba-130215,ba-130215,Balaenopteridae,Balaenoptera_bonaerensis,,268,1227,7.8,6700,53,104.95,37.45,7.39,3.01,6.47,2.03,0.89,0.71,20,9,5.42,3.00,89.41,1.51,1.59,2.18,54.06,0.46,0.21,0.51,3.17,0.84,0.82,0.29,,
M,0,5,1,bb180227-45,bb180227-45,Balaenopteridae,Balaenoptera_bonaerensis,,268,1227,7.8,6700,211,70.07,20.95,10.47,1.35,5.86,0.76,0.77,0.43,9,2,3.16,1.55,35.72,0.87,2.11,1.20,17.82,0.51,0.20,0.34,4.61,0.91,0.92,0.57,,
M,0,6,1,bb180228-42,bb180228-42,Balaenopteridae,Balaenoptera_bonaerensis,,268,1227,7.8,6700,113,103.52,24.15,5.55,1.49,2.76,0.77,0.80,0.54,8,3,4.35,2.29,93.70,0.99,0.98,1.28,135.80,0.52,0.18,0.31,4.28,0.66,0.91,0.46,,
M,0,7,1,bb180304-40,bb180304-40,Balaenopteridae,Balaenoptera_bonaerensis,,268,1227,7.8,6700,158,175.66,71.32,11.12,3.81,4.80,1.80,0.78,0.54,10,4,4.47,1.35,122.49,1.58,3.16,4.65,117.40,0.39,0.28,0.68,9.26,1.63,0.95,0.46,,
M,0,8,1,bb180304-42,bb180304-42,Balaenopteridae,Balaenoptera_bonaerensis,,268,1227,7.8,6700,12,187.30,148.66,7.48,5.46,3.92,2.28,0.66,0.42,9,5.5,1.53,1.03,10.02,4.96,2.29,8.81,1.93,0.83,0.31,1.62,6.55,2.88,0.88,0.58,,
M,0,9,1,bb180304-45,bb180304-45,Balaenopteridae,Balaenoptera_bonaerensis,,268,1227,7.8,6700,96,237.97,183.00,14.63,6.24,6.38,3.57,0.86,0.58,23,9,3.22,1.44,11.31,3.35,1.53,10.43,1.81,0.56,0.10,1.35,11.03,2.59,0.96,0.42,,
M,0,10,1,bb180305-42b,bb180305-42b,Balaenopteridae,Balaenoptera_bonaerensis,,268,1227,7.8,6700,40,204.18,35.03,8.09,4.36,4.55,2.53,0.88,0.61,15,7,3.70,1.64,206.32,3.74,14.05,3.64,85.43,0.69,1.74,0.45,5.40,2.10,0.90,0.39,,
M,0,1,3,bw10_229b,bw10_229b,Balaenopteridae,Balaenoptera_musculus,,134000,393960,25.2,93000,44,200.89,153.68,9.69,8.02,5.68,4.12,0.63,0.54,4,3,0.49,0.41,4.22,2.78,3.28,3.74,0.55,0.36,0.34,0.40,5.77,3.84,0.74,0.46,,
M,0,2,3,bw10_230a,bw10_230a,Balaenopteridae,Balaenoptera_musculus,,134000,393960,25.2,93000,37,220.65,170.78,8.13,6.40,4.02,2.00,0.53,0.32,3,2,0.44,0.33,7.64,3.55,4.11,5.53,1.00,0.52,0.51,0.75,5.52,4.29,0.84,0.68,,
M,0,3,3,bw10_235a,bw10_235a,Balaenopteridae,Balaenoptera_musculus,,134000,393960,25.2,93000,6,84.35,37.79,4.54,2.91,,,,,1,1,0.66,0.35,44.99,9.03,14.76,14.76,11.04,3.78,3.25,3.25,,,,,,
M,0,4,3,bw10_239b,bw10_239b,Balaenopteridae,Balaenoptera_musculus,,134000,393960,25.2,93000,18,259.62,157.26,11.47,8.24,5.95,4.22,0.65,0.47,5,2,0.96,0.39,5.64,2.79,4.18,4.18,1.88,0.36,0.36,0.36,8.49,5.01,0.81,0.53,,
M,0,5,3,bw10_240b,bw10_240b,Balaenopteridae,Balaenoptera_musculus,,134000,393960,25.2,93000,76,193.48,36.37,12.56,2.83,7.70,2.39,0.88,0.60,5,1,1.12,0.51,439.17,1.93,2.94,30.96,235.69,0.50,0.23,2.61,5.25,1.64,0.65,0.40,,
M,0,6,3,bw10_241a,bw10_241a,Balaenopteridae,Balaenoptera_musculus,,134000,393960,25.2,93000,47,216.12,189.36,10.03,7.64,5.19,3.33,0.54,0.45,4,3,0.47,0.37,4.26,3.44,1.19,3.28,0.61,0.46,0.12,0.49,8.53,4.24,0.85,0.55,,
M,0,7,3,bw10_243a,bw10_243a,Balaenopteridae,Balaenoptera_musculus,,134000,393960,25.2,93000,19,252.65,218.98,12.76,9.83,7.88,4.46,0.65,0.52,5,3,0.39,0.36,5.22,3.44,3.22,3.47,0.47,0.35,0.25,0.33,7.96,4.63,0.80,0.48,,
M,0,8,3,bw10_243b,bw10_243b,Balaenopteridae,Balaenoptera_musculus,,134000,393960,25.2,93000,37,240.74,212.74,10.00,8.56,6.26,4.57,0.63,0.52,5,4,0.53,0.44,6.76,3.41,5.03,4.46,0.75,0.40,0.50,0.50,7.24,4.18,0.84,0.48,,
M,0,9,3,bw10_244a,bw10_244a,Balaenopteridae,Balaenoptera_musculus,,134000,393960,25.2,93000,2,246.60,234.20,10.35,9.47,6.25,5.51,0.60,0.58,5,4.5,0.48,0.47,5.19,5.16,5.13,5.19,0.60,0.55,0.50,0.60,4.10,3.96,0.44,0.42,,
M,0,10,3,bw10_244b,bw10_244b,Balaenopteridae,Balaenoptera_musculus,,134000,393960,25.2,93000,8,139.54,132.97,8.34,8.10,5.43,5.36,0.67,0.65,4,4,0.50,0.49,2.65,2.37,2.41,1.99,0.33,0.29,0.29,0.24,3.49,2.81,0.44,0.35,,
M,0,11,3,bw10_244c,bw10_244c,Balaenopteridae,Balaenoptera_musculus,,134000,393960,25.2,93000,6,177.94,161.39,11.50,9.51,6.58,4.53,0.62,0.51,5,4.5,0.57,0.42,4.05,3.11,3.16,4.05,0.47,0.31,0.27,0.47,7.86,4.52,0.82,0.49,,
M,0,12,3,bw10_245a,bw10_245a,Balaenopteridae,Balaenoptera_musculus,,134000,393960,25.2,93000,11,287.32,222.90,12.65,9.88,7.49,4.71,0.64,0.50,6,4,0.51,0.41,5.14,3.75,4.93,4.93,0.59,0.37,0.39,0.39,10.91,4.92,0.86,0.50,,
M,0,13,3,bw10_246a,bw10_246a,Balaenopteridae,Balaenoptera_musculus,,134000,393960,25.2,93000,21,283.04,97.00,11.37,6.10,5.40,3.69,0.67,0.58,4,3,0.55,0.49,4.30,1.47,2.19,4.21,0.44,0.24,0.19,0.44,7.50,2.35,0.79,0.42,,
M,0,14,3,bw10_246b,bw10_246b,Balaenopteridae,Balaenoptera_musculus,,134000,393960,25.2,93000,12,270.56,262.01,15.72,14.34,10.55,8.43,0.68,0.57,7,6,0.45,0.41,8.65,4.46,4.56,4.68,0.57,0.30,0.29,0.33,8.59,6.34,0.63,0.43,,
M,0,15,3,bw10_265a,bw10_265a,Balaenopteridae,Balaenoptera_musculus,,134000,393960,25.2,93000,9,338.96,318.04,14.73,12.31,9.28,5.19,0.63,0.46,8,5,0.54,0.44,25.43,8.43,7.37,9.84,2.24,0.66,0.50,0.80,11.27,5.74,0.89,0.54,,
M,0,16,3,bw10_265b,bw10_265b,Balaenopteridae,Balaenoptera_musculus,,134000,393960,25.2,93000,2,317.00,311.77,16.81,15.20,9.18,8.62,0.59,0.57,7,6.5,0.44,0.43,9.29,7.24,9.29,9.29,0.55,0.47,0.55,0.55,7.63,6.58,0.45,0.43,,
M,0,17,3,bw10_266a,bw10_266a,Balaenopteridae,Balaenoptera_musculus,,134000,393960,25.2,93000,6,254.97,244.77,10.80,8.39,4.56,1.95,0.50,0.26,4,2,0.44,0.26,7.66,5.07,4.02,3.83,0.85,0.69,0.37,0.42,7.36,6.10,0.81,0.74,,
M,0,18,3,bw11_210a,bw11_210a,Balaenopteridae,Balaenoptera_musculus,,134000,393960,25.2,93000,15,154.14,125.94,10.94,8.84,7.93,6.62,0.75,0.71,7,5,0.64,0.57,3.07,2.36,2.33,2.36,0.36,0.28,0.21,0.27,5.80,2.89,0.81,0.29,,
M,0,19,3,bw11_211a,bw11_211a,Balaenopteridae,Balaenoptera_musculus,,134000,393960,25.2,93000,25,170.76,141.41,8.81,6.96,5.65,3.68,0.69,0.56,4,3,0.55,0.47,2.80,2.12,1.61,2.80,0.41,0.29,0.18,0.34,5.69,3.08,0.67,0.44,,
M,0,20,3,bw11_213b,bw11_213b,Balaenopteridae,Balaenoptera_musculus,,134000,393960,25.2,93000,46,103.85,79.50,7.40,4.30,4.48,2.23,0.80,0.55,3,2,1.47,0.48,3.56,1.58,2.50,1.96,3.18,0.38,0.34,0.35,3.57,2.02,0.65,0.45,,
M,0,21,3,bw11_214a,bw11_214a,Balaenopteridae,Balaenoptera_musculus,,134000,393960,25.2,93000,8,101.64,84.05,8.19,5.81,6.19,2.90,0.76,0.56,5,2.5,0.61,0.50,2.23,1.71,1.93,2.23,0.45,0.24,0.24,0.29,3.86,2.37,0.70,0.44,,
M,0,22,3,bw11_214b,bw11_214b,Balaenopteridae,Balaenoptera_musculus,,134000,393960,25.2,93000,9,104.16,93.18,8.07,6.45,3.62,2.81,0.65,0.48,3,3,0.61,0.46,2.75,1.29,2.56,1.34,0.50,0.21,0.32,0.21,5.25,2.93,0.66,0.52,,
M,0,23,3,bw11_215a,bw11_215a,Balaenopteridae,Balaenoptera_musculus,,134000,393960,25.2,93000,11,145.72,116.38,6.21,4.37,3.63,1.81,0.58,0.48,3,2,0.64,0.49,2.43,1.48,2.43,1.48,0.78,0.38,0.39,0.31,3.17,2.43,0.66,0.52,,
M,0,24,3,bw11_215b,bw11_215b,Balaenopteridae,Balaenoptera_musculus,,134000,393960,25.2,93000,5,152.76,148.51,10.33,9.57,6.05,5.04,0.59,0.53,5,3,0.48,0.31,3.50,2.71,3.50,2.80,0.34,0.28,0.34,0.29,6.80,4.53,0.70,0.47,,
M,0,25,3,bw11_218a,bw11_218a,Balaenopteridae,Balaenoptera_musculus,,134000,393960,25.2,93000,4,162.67,137.26,11.03,10.02,4.89,2.59,0.46,0.25,3,2,0.28,0.20,2.75,2.25,2.38,2.75,0.26,0.22,0.22,0.26,8.44,7.10,0.77,0.75,,
M,0,26,3,bw11_218b,bw11_218b,Balaenopteridae,Balaenoptera_musculus,,134000,393960,25.2,93000,16,207.96,136.76,9.40,7.59,5.91,3.22,0.70,0.47,5,3,0.64,0.46,3.78,2.41,3.78,3.41,0.41,0.31,0.40,0.41,7.98,3.90,0.86,0.53,,
M,0,27,3,bw11_219a,bw11_219a,Balaenopteridae,Balaenoptera_musculus,,134000,393960,25.2,93000,2,283.03,272.16,8.52,7.75,3.03,2.98,0.43,0.39,3,3,0.43,0.39,9.88,7.29,4.70,4.70,1.42,0.98,0.55,0.55,5.58,4.77,0.66,0.61,,
M,0,28,3,bw11_219b,bw11_219b,Balaenopteridae,Balaenoptera_musculus,,134000,393960,25.2,93000,9,261.73,246.42,9.07,8.74,4.55,3.56,0.51,0.42,3,3,0.41,0.34,7.02,4.05,4.90,3.70,0.79,0.50,0.54,0.50,5.64,4.53,0.64,0.58,,
M,0,29,3,bw11_220a,bw11_220a,Balaenopteridae,Balaenoptera_musculus,,134000,393960,25.2,93000,27,271.41,236.01,10.09,8.37,5.30,3.53,0.57,0.44,4,3,0.48,0.36,2.70,1.77,2.17,1.80,0.31,0.22,0.21,0.22,7.10,4.55,0.86,0.56,,
M,0,30,3,bw11_220b,bw11_220b,Balaenopteridae,Balaenoptera_musculus,,134000,393960,25.2,93000,9,266.67,187.07,8.99,7.85,5.81,3.75,0.65,0.46,4,3,0.44,0.33,6.24,4.43,3.44,5.80,0.85,0.50,0.38,0.70,5.85,4.66,0.79,0.54,,
M,0,31,3,bw11_221a,bw11_221a,Balaenopteridae,Balaenoptera_musculus,,134000,393960,25.2,93000,18,245.29,224.89,11.52,9.54,8.23,5.06,0.72,0.55,5,4,0.51,0.42,8.05,2.88,2.67,5.37,0.81,0.31,0.23,0.58,7.81,4.29,0.80,0.45,,
M,0,32,3,bw11_264a,bw11_264a,Balaenopteridae,Balaenoptera_musculus,,134000,393960,25.2,93000,12,223.53,163.66,6.58,5.47,3.94,1.63,0.60,0.39,4,2,0.63,0.51,2.59,2.11,2.59,2.31,0.48,0.39,0.39,0.41,4.06,2.75,0.74,0.61,,
M,0,33,3,bw12_217b,bw12_217b,Balaenopteridae,Balaenoptera_musculus,,134000,393960,25.2,93000,4,264.62,234.05,10.93,9.73,6.07,5.31,0.56,0.54,6,4.5,0.55,0.46,36.34,6.65,36.34,36.34,3.33,0.91,3.33,3.33,5.15,4.86,0.54,0.46,,
M,0,34,3,bw13_191a,bw13_191a,Balaenopteridae,Balaenoptera_musculus,,134000,393960,25.2,93000,28,136.69,83.09,10.47,5.38,6.90,3.96,0.71,0.56,5,2,0.87,0.48,6.17,1.85,2.08,2.08,3.04,0.29,0.20,0.20,5.28,2.42,0.55,0.44,,
M,0,35,3,bw13_193a,bw13_193a,Balaenopteridae,Balaenoptera_musculus,,134000,393960,25.2,93000,32,120.39,77.33,10.55,6.21,7.71,3.97,0.76,0.61,5,3,0.73,0.47,2.60,1.48,2.60,2.12,1.15,0.25,0.25,0.24,5.09,2.74,0.73,0.39,,
M,0,36,3,bw13_207a,bw13_207a,Balaenopteridae,Balaenoptera_musculus,,134000,393960,25.2,93000,30,135.61,81.31,7.99,4.73,5.45,2.94,0.75,0.58,4,2,0.74,0.57,2.21,1.07,1.44,2.21,0.48,0.23,0.18,0.34,4.98,1.95,0.77,0.42,,
M,0,37,3,bw13_211a,bw13_211a,Balaenopteridae,Balaenoptera_musculus,,134000,393960,25.2,93000,28,330.95,312.87,15.87,12.60,8.11,5.71,0.59,0.45,5,3,0.36,0.25,6.83,2.81,3.66,3.66,0.56,0.22,0.23,0.23,10.76,6.73,0.85,0.55,,
M,0,38,3,bw13_214b,bw13_214b,Balaenopteridae,Balaenoptera_musculus,,134000,393960,25.2,93000,4,304.28,253.44,16.95,11.15,9.95,2.88,0.59,0.31,8,3,0.47,0.32,3.91,3.76,3.86,3.86,0.36,0.27,0.23,0.23,8.88,7.61,0.78,0.69,,
M,0,39,3,bw13_214c,bw13_214c,Balaenopteridae,Balaenoptera_musculus,,134000,393960,25.2,93000,6,322.38,308.63,14.99,12.76,10.49,8.34,0.70,0.65,8,6.5,0.54,0.51,4.61,4.13,4.61,3.67,0.37,0.32,0.31,0.28,4.72,4.47,0.38,0.35,,
M,0,40,3,bw13_217a,bw13_217a,Balaenopteridae,Balaenoptera_musculus,,134000,393960,25.2,93000,23,165.79,119.13,11.45,8.66,8.52,5.68,0.77,0.69,7,5,0.69,0.63,2.77,2.16,2.77,2.30,0.27,0.24,0.24,0.23,3.78,2.66,0.39,0.31,,
M,0,41,3,bw13_259a,bw13_259a,Balaenopteridae,Balaenoptera_musculus,,134000,393960,25.2,93000,22,42.85,30.80,7.31,2.45,3.19,2.22,0.64,0.49,2,1,1.06,0.50,,,,,,,,,4.12,1.83,0.61,0.51,,
M,0,42,3,bw140722-2e,bw140722-2e,Balaenopteridae,Balaenoptera_musculus,,134000,393960,25.2,93000,3,185.06,182.30,9.19,8.94,5.58,5.54,0.62,0.61,4,4,0.45,0.45,6.22,4.33,4.33,6.22,0.70,0.47,0.47,0.70,3.68,3.61,0.41,0.39,,
M,0,43,3,bw140806-2,bw140806-2,Balaenopteridae,Balaenoptera_musculus,,134000,393960,25.2,93000,4,206.97,161.34,12.29,10.45,4.10,3.84,0.45,0.38,3,1.5,0.33,0.14,80.40,4.29,6.35,80.40,6.82,0.38,0.52,6.82,8.22,6.62,0.70,0.62,,
M,0,44,3,bw140819-3b,bw140819-3b,Balaenopteridae,Balaenoptera_musculus,,134000,393960,25.2,93000,5,44.55,35.84,2.68,1.47,1.42,1.41,0.62,0.57,2,1,1.06,0.75,1.13,0.78,0.64,1.13,0.69,0.50,0.24,0.50,1.26,1.06,0.47,0.43,,
M,0,45,3,bw140820-3b,bw140820-3b,Balaenopteridae,Balaenoptera_musculus,,134000,393960,25.2,93000,11,81.31,52.81,6.60,2.87,4.46,2.21,0.77,0.58,3,1,0.70,0.53,1.89,0.86,1.89,1.89,0.90,0.27,0.29,0.29,2.30,1.57,0.50,0.42,,
M,0,46,3,bw14_211a,bw14_211a,Balaenopteridae,Balaenoptera_musculus,,134000,393960,25.2,93000,4,90.92,80.88,8.18,4.10,3.80,3.80,0.46,0.46,3,1,1.20,0.53,1.85,1.43,0.55,1.68,2.21,0.54,0.07,0.25,4.38,4.38,0.54,0.54,,
M,0,47,3,bw14_211b,bw14_211b,Balaenopteridae,Balaenoptera_musculus,,134000,393960,25.2,93000,18,239.19,189.11,11.76,8.96,7.26,5.02,0.76,0.56,5,3.5,0.52,0.39,4.67,2.15,2.46,2.52,0.50,0.23,0.21,0.23,6.45,3.77,0.66,0.44,,
M,0,48,3,bw14_212a,bw14_212a,Balaenopteridae,Balaenoptera_musculus,,134000,393960,25.2,93000,29,214.25,102.02,15.19,9.50,8.61,4.77,0.81,0.51,5,3,0.56,0.28,18.07,2.47,5.00,5.00,1.64,0.30,0.33,0.33,9.16,5.42,0.83,0.49,,
M,0,49,3,bw14_213a,bw14_213a,Balaenopteridae,Balaenoptera_musculus,,134000,393960,25.2,93000,30,122.61,83.03,7.49,4.97,4.09,2.50,0.68,0.58,3,2,0.59,0.39,2.11,1.35,1.31,,0.65,0.31,0.17,,5.18,2.22,0.77,0.42,,
M,0,50,3,bw14_217a,bw14_217a,Balaenopteridae,Balaenoptera_musculus,,134000,393960,25.2,93000,35,163.07,76.75,9.80,5.83,7.83,2.48,0.82,0.52,4,2,0.93,0.36,8.01,1.99,2.38,2.36,3.95,0.29,0.24,0.29,7.32,2.84,0.79,0.48,,
M,0,51,3,bw14_218a,bw14_218a,Balaenopteridae,Balaenoptera_musculus,,134000,393960,25.2,93000,16,220.18,110.87,14.38,9.07,8.67,4.48,0.72,0.58,5,3,0.46,0.31,15.71,2.24,3.90,5.09,1.89,0.25,0.27,0.36,12.94,4.85,0.90,0.42,,
M,0,52,3,bw14_218b,bw14_218b,Balaenopteridae,Balaenoptera_musculus,,134000,393960,25.2,93000,6,217.04,204.83,9.57,8.65,5.66,4.35,0.60,0.52,4,3.5,0.46,0.41,3.12,2.38,2.10,3.12,0.42,0.32,0.22,0.36,5.26,3.89,0.63,0.48,,
M,0,53,3,bw14_251a,bw14_251a,Balaenopteridae,Balaenoptera_musculus,,134000,393960,25.2,93000,74,97.96,39.22,8.51,2.08,6.27,2.94,0.82,0.61,4,1,1.58,0.60,9.00,0.92,1.68,1.68,3.11,0.29,0.20,0.20,5.57,1.92,0.78,0.39,,
M,0,54,3,bw14_256a,bw14_256a,Balaenopteridae,Balaenoptera_musculus,,134000,393960,25.2,93000,4,180.98,137.17,14.53,8.96,6.24,2.00,0.43,0.23,3,2,0.23,0.21,2.42,2.15,2.42,2.42,0.37,0.22,0.17,0.17,8.29,7.12,0.78,0.77,,
M,0,55,3,bw14_261a,bw14_261a,Balaenopteridae,Balaenoptera_musculus,,134000,393960,25.2,93000,4,242.24,221.49,19.11,17.78,15.14,8.09,0.79,0.46,8,3.5,0.42,0.21,3.19,3.14,3.17,3.12,0.20,0.18,0.17,0.18,10.69,9.69,0.85,0.54,,
M,0,56,3,bw14_262a,bw14_262a,Balaenopteridae,Balaenoptera_musculus,,134000,393960,25.2,93000,63,137.00,46.53,5.31,1.57,2.86,2.05,0.64,0.56,2,1,1.52,0.64,3.21,1.17,2.27,1.50,3.96,0.65,0.43,0.29,1.70,1.64,0.45,0.44,,
M,0,57,3,bw14_262b,bw14_262b,Balaenopteridae,Balaenoptera_musculus,,134000,393960,25.2,93000,17,135.50,63.12,9.80,5.37,6.50,3.08,0.74,0.55,4,1,1.32,0.40,3.24,0.79,1.32,0.73,0.95,0.15,0.13,0.11,3.98,2.38,0.56,0.45,,
M,0,58,3,bw150823-6,bw150823-6,Balaenopteridae,Balaenoptera_musculus,,134000,393960,25.2,93000,30,119.32,69.37,15.03,7.52,12.50,4.73,0.83,0.57,6,2,0.57,0.29,5.63,1.87,2.15,3.07,1.58,0.21,0.14,0.22,8.30,3.28,0.78,0.43,,
M,0,59,3,bw15_076a,bw15_076a,Balaenopteridae,Balaenoptera_musculus,,134000,393960,25.2,93000,2,99.36,90.72,24.46,22.11,,,,,1,1,0.05,0.05,7.69,4.77,1.85,1.85,0.39,0.23,0.08,0.08,,,,,,
M,0,60,3,bw15_232a,bw15_232a,Balaenopteridae,Balaenoptera_musculus,,134000,393960,25.2,93000,11,193.54,168.04,22.08,8.09,19.01,4.84,0.86,0.55,8,3,0.58,0.42,3.62,2.11,2.26,2.26,0.40,0.25,0.10,0.10,4.74,3.38,0.59,0.45,,
M,0,61,3,bw160523,bw160523,Balaenopteridae,Balaenoptera_musculus,,134000,393960,25.2,93000,307,71.57,43.60,12.90,4.05,8.00,3.17,0.89,0.62,5,2,1.19,0.52,95.59,0.92,0.18,1.05,11.74,0.22,0.01,0.17,11.74,1.70,0.91,0.38,,
M,0,62,3,bw160716,bw160716,Balaenopteridae,Balaenoptera_musculus,,134000,393960,25.2,93000,267,251.19,170.11,15.53,9.76,10.97,6.28,0.84,0.67,10,6,0.83,0.66,114.73,2.61,2.58,4.86,15.70,0.27,0.17,0.51,14.13,3.19,0.94,0.33,,
M,0,63,3,bw160717,bw160717,Balaenopteridae,Balaenoptera_musculus,,134000,393960,25.2,93000,213,250.24,173.34,19.59,10.28,14.68,5.63,0.81,0.57,7,4,0.58,0.37,68.18,3.24,2.93,4.02,10.47,0.33,0.15,0.38,10.09,4.38,0.84,0.43,,
M,0,64,3,bw160725-3,bw160725-3,Balaenopteridae,Balaenoptera_musculus,,134000,393960,25.2,93000,1,82.30,82.30,9.34,9.34,2.17,2.17,0.23,0.23,2,2,0.21,0.21,1.67,1.67,1.67,1.67,0.18,0.18,0.18,0.18,7.17,7.17,0.77,0.77,,
M,0,65,3,bw160727-10,bw160727-10,Balaenopteridae,Balaenoptera_musculus,,134000,393960,25.2,93000,49,154.14,133.87,10.65,7.95,7.46,5.59,0.86,0.69,6,5,0.66,0.58,2.65,1.88,2.65,1.91,0.41,0.25,0.25,0.23,6.10,2.54,0.78,0.31,,
M,0,66,3,bw160728-36b,bw160728-36b,Balaenopteridae,Balaenoptera_musculus,,134000,393960,25.2,93000,2,99.49,97.83,8.17,6.81,4.95,4.95,0.61,0.61,4,2.5,0.49,0.34,2.41,2.21,2.41,2.00,0.37,0.33,0.30,0.37,3.22,3.22,0.39,0.39,,
M,0,67,3,bw160815,bw160815,Balaenopteridae,Balaenoptera_musculus,,134000,393960,25.2,93000,10,338.04,326.19,12.55,11.03,8.49,6.08,0.68,0.55,7,5,0.56,0.42,5.52,3.87,4.02,3.35,0.47,0.35,0.32,0.28,7.35,4.99,0.79,0.45,,
M,0,68,3,bw160817,bw160817,Balaenopteridae,Balaenoptera_musculus,,134000,393960,25.2,93000,136,335.56,106.22,14.43,7.89,11.83,4.82,0.86,0.62,7,3,0.83,0.43,11.57,1.97,1.95,2.04,4.33,0.26,0.14,0.23,10.77,2.92,0.88,0.38,,
M,0,69,3,bw160918a,bw160918a,Balaenopteridae,Balaenoptera_musculus,,134000,393960,25.2,93000,281,368.01,188.82,17.82,10.26,12.67,6.17,0.84,0.63,9,4,1.11,0.47,374.85,2.94,4.46,4.52,215.85,0.29,0.25,0.31,11.27,4.01,0.88,0.37,,
M,0,70,3,bw16_231a,bw16_231a,Balaenopteridae,Balaenoptera_musculus,,134000,393960,25.2,93000,3,141.81,132.98,9.88,9.01,1.46,1.39,0.15,0.15,2,2,0.22,0.20,4.32,4.20,4.32,4.32,0.50,0.44,0.44,0.44,8.42,8.06,0.85,0.85,,
M,0,71,3,bw16_231b,bw16_231b,Balaenopteridae,Balaenoptera_musculus,,134000,393960,25.2,93000,21,298.57,140.59,9.77,8.02,5.96,4.24,0.66,0.52,5,3,0.56,0.31,4.43,2.38,4.43,3.13,0.45,0.29,0.45,0.39,8.18,3.84,0.84,0.48,,
M,0,72,3,bw16_264b,bw16_264b,Balaenopteridae,Balaenoptera_musculus,,134000,393960,25.2,93000,18,218.76,108.90,11.99,9.62,7.74,5.35,0.79,0.55,6,3.5,0.69,0.38,476.24,2.54,1.86,3.60,71.24,0.30,0.16,0.35,8.97,4.32,0.83,0.45,,
M,0,73,3,bw170619-36,bw170619-36,Balaenopteridae,Balaenoptera_musculus,,134000,393960,25.2,93000,64,228.05,74.82,16.44,5.73,12.43,3.09,0.79,0.63,7,3,0.88,0.50,3.41,1.65,2.78,2.70,0.57,0.29,0.17,0.25,8.46,2.89,0.79,0.37,,
M,0,74,3,bw170813-41,bw170813-41,Balaenopteridae,Balaenoptera_musculus,,134000,393960,25.2,93000,81,150.81,111.32,13.82,9.61,10.94,6.69,0.85,0.71,8,5,0.74,0.54,8.35,2.48,1.03,2.01,0.93,0.25,0.07,0.22,5.95,2.85,0.64,0.29,,
M,0,75,3,bw170813-42,bw170813-42,Balaenopteridae,Balaenoptera_musculus,,134000,393960,25.2,93000,32,210.15,127.28,13.42,8.92,10.48,6.22,0.79,0.68,7,4.5,0.57,0.53,4.76,2.66,3.11,2.23,0.47,0.31,0.23,0.25,5.09,2.66,0.55,0.32,,
M,0,76,3,bw170813-44,bw170813-44,Balaenopteridae,Balaenoptera_musculus,,134000,393960,25.2,93000,151,226.82,125.96,13.21,7.16,9.18,4.10,0.85,0.54,5,2,1.31,0.38,18.16,2.10,3.05,2.66,11.64,0.28,0.23,0.28,9.76,3.75,0.81,0.46,,
M,0,77,3,bw170814-30,bw170814-30,Balaenopteridae,Balaenoptera_musculus,,134000,393960,25.2,93000,12,170.03,132.72,12.70,8.90,6.27,4.35,0.68,0.47,5,3.5,0.54,0.38,2.95,2.25,2.95,2.87,0.39,0.27,0.23,0.31,7.71,4.45,0.78,0.53,,
M,0,78,3,bw170814-40,bw170814-40,Balaenopteridae,Balaenoptera_musculus,,134000,393960,25.2,93000,207,253.42,102.27,11.44,5.98,8.12,4.27,0.93,0.67,6,3,1.19,0.60,105.19,2.13,2.28,2.28,50.98,0.33,0.20,0.20,4.95,2.66,0.80,0.33,,
M,0,79,3,bw170814-50,bw170814-50,Balaenopteridae,Balaenoptera_musculus,,134000,393960,25.2,93000,44,222.08,126.71,9.87,7.65,6.65,4.48,0.73,0.57,5,4,0.63,0.47,3.36,2.35,3.36,2.99,0.48,0.30,0.34,0.31,5.11,3.38,0.73,0.43,,
M,0,80,3,bw170814-51,bw170814-51,Balaenopteridae,Balaenoptera_musculus,,134000,393960,25.2,93000,58,90.04,66.82,13.06,8.41,8.97,5.92,0.80,0.67,7,5,0.62,0.55,3.52,2.28,3.00,3.00,0.40,0.28,0.23,0.23,5.52,2.66,0.66,0.33,,
M,0,81,3,bw170815-21,bw170815-21,Balaenopteridae,Balaenoptera_musculus,,134000,393960,25.2,93000,20,182.47,133.74,9.77,6.58,5.75,3.20,0.65,0.46,4,3,0.53,0.41,3.57,1.98,2.32,3.57,0.50,0.29,0.24,0.50,5.08,3.95,0.79,0.54,,
M,0,82,3,bw170815-28,bw170815-28,Balaenopteridae,Balaenoptera_musculus,,134000,393960,25.2,93000,118,178.37,99.01,9.78,5.26,6.49,2.84,0.87,0.55,5,2,1.19,0.54,55.33,1.39,2.49,1.86,24.50,0.26,0.25,0.26,6.68,2.61,0.84,0.45,,
M,0,83,3,bw170815-42,bw170815-42,Balaenopteridae,Balaenoptera_musculus,,134000,393960,25.2,93000,8,224.17,157.41,11.23,7.75,8.00,4.25,0.71,0.54,5,4,0.53,0.47,3.70,2.93,3.52,2.94,0.49,0.33,0.31,0.33,5.20,3.66,0.75,0.46,,
M,0,84,3,bw170815-43,bw170815-43,Balaenopteridae,Balaenoptera_musculus,,134000,393960,25.2,93000,63,142.16,104.70,7.58,5.64,4.86,2.98,0.71,0.50,4,3,0.69,0.51,14.48,2.38,2.70,2.48,4.57,0.41,0.36,0.41,4.55,2.91,0.73,0.50,,
M,0,85,3,bw170816-23,bw170816-23,Balaenopteridae,Balaenoptera_musculus,,134000,393960,25.2,93000,4,125.71,122.27,7.70,7.07,5.32,4.25,0.69,0.61,5,4,0.65,0.57,2.56,2.32,2.56,2.56,0.33,0.33,0.33,0.33,2.97,2.74,0.42,0.39,,
M,0,86,3,bw170816-27,bw170816-27,Balaenopteridae,Balaenoptera_musculus,,134000,393960,25.2,93000,21,159.32,119.00,10.76,8.63,7.49,5.78,0.76,0.68,5,4,0.51,0.47,3.07,2.34,2.89,2.76,0.33,0.27,0.27,0.33,4.79,2.97,0.59,0.32,,
M,0,87,3,bw170816-41,bw170816-41,Balaenopteridae,Balaenoptera_musculus,,134000,393960,25.2,93000,75,140.37,86.53,9.14,6.88,6.41,4.53,0.86,0.64,5,4,1.04,0.56,49.24,2.55,3.45,6.55,20.13,0.38,0.38,0.73,6.97,2.52,0.81,0.36,,
M,0,88,3,bw170816-42,bw170816-42,Balaenopteridae,Balaenoptera_musculus,,134000,393960,25.2,93000,21,154.61,99.15,10.85,7.55,7.10,3.25,0.70,0.49,5,3,0.63,0.34,3.81,2.16,2.74,3.04,0.49,0.29,0.25,0.37,5.22,4.01,0.81,0.51,,
M,0,89,3,bw170816-44,bw170816-44,Balaenopteridae,Balaenoptera_musculus,,134000,393960,25.2,93000,82,120.09,75.33,11.05,5.12,8.22,3.92,0.88,0.62,7,2,1.35,0.58,6.07,1.28,2.74,2.55,1.31,0.30,0.25,0.34,7.31,2.29,0.88,0.38,,
M,0,90,3,bw170816-51,bw170816-51,Balaenopteridae,Balaenoptera_musculus,,134000,393960,25.2,93000,21,101.46,85.49,12.61,9.39,9.18,5.35,0.73,0.59,6,4,0.49,0.41,4.52,2.83,2.31,3.37,0.41,0.29,0.18,0.33,6.41,4.13,0.79,0.41,,
M,0,1,2,bp10_236a,bp10_236a,Balaenopteridae,Balaenoptera_physalus,,129240,379966,20.2,53000,1,193.26,193.26,8.57,8.57,4.39,4.39,0.51,0.51,8,8,0.93,0.93,17.27,17.27,17.27,17.27,2.01,2.01,2.01,2.01,4.18,4.18,0.49,0.49,,
M,0,2,2,bp10_236b,bp10_236b,Balaenopteridae,Balaenoptera_physalus,,129240,379966,20.2,53000,2,169.45,112.77,6.67,5.73,3.50,2.75,0.53,0.47,6,4.5,0.90,0.76,4.26,2.92,4.26,4.26,0.64,0.48,0.64,0.64,3.17,2.98,0.58,0.53,,
M,0,3,2,bp10_239a,bp10_239a,Balaenopteridae,Balaenoptera_physalus,,129240,379966,20.2,53000,18,200.18,147.52,9.13,7.48,5.41,3.47,0.67,0.44,6,3.5,0.83,0.49,4.09,3.40,3.95,4.08,0.84,0.46,0.43,0.51,6.28,3.70,0.78,0.56,,
M,0,4,2,bp10_244a,bp10_244a,Balaenopteridae,Balaenoptera_physalus,,129240,379966,20.2,53000,8,290.98,282.40,11.98,10.69,7.67,5.80,0.64,0.55,9,8,0.84,0.73,9.91,4.48,4.48,5.67,1.09,0.42,0.37,0.49,7.83,4.79,0.90,0.45,,
M,0,5,2,bp10_245a,bp10_245a,Balaenopteridae,Balaenoptera_physalus,,129240,379966,20.2,53000,8,219.62,28.90,10.88,1.64,5.75,1.42,0.53,0.31,6,1,1.16,0.72,9.20,0.17,2.41,9.20,1.14,0.15,0.22,1.14,6.66,5.13,0.82,0.69,,
M,0,6,2,bp12_217a,bp12_217a,Balaenopteridae,Balaenoptera_physalus,,129240,379966,20.2,53000,41,279.36,230.04,9.82,8.44,6.32,4.74,0.69,0.54,9,6,0.96,0.76,12.31,5.32,4.82,5.14,1.37,0.65,0.49,0.55,6.67,3.84,0.88,0.46,,
M,0,7,2,bp13_193a,bp13_193a,Balaenopteridae,Balaenoptera_physalus,,129240,379966,20.2,53000,6,320.78,301.91,10.10,9.20,6.17,4.89,0.61,0.52,9,7,0.89,0.74,26.51,9.26,6.69,26.51,3.00,1.02,0.66,3.00,5.18,4.49,0.57,0.48,,
M,0,8,2,bp13_216a,bp13_216a,Balaenopteridae,Balaenoptera_physalus,,129240,379966,20.2,53000,11,284.39,249.44,11.56,10.24,7.08,5.86,0.61,0.56,8,7,0.78,0.66,12.38,4.85,5.77,4.16,1.44,0.50,0.50,0.36,6.60,4.50,0.58,0.44,,
M,0,9,2,bp13_258b,bp13_258b,Balaenopteridae,Balaenoptera_physalus,,129240,379966,20.2,53000,1,22.10,22.10,3.00,3.00,,,,,1,1,0.33,0.33,4.87,4.87,4.87,4.87,1.62,1.62,1.62,1.62,,,,,,
M,0,10,2,bp13_265a,bp13_265a,Balaenopteridae,Balaenoptera_physalus,,129240,379966,20.2,53000,19,118.07,99.40,8.24,6.56,6.13,3.99,0.75,0.61,9,5,1.09,0.82,10.08,3.22,2.75,,2.41,0.46,0.33,,4.27,2.68,0.87,0.39,,
M,0,11,2,bp150619-3a,bp150619-3a,Balaenopteridae,Balaenoptera_physalus,,129240,379966,20.2,53000,2,85.62,85.61,4.07,3.09,2.21,2.21,0.54,0.54,3,2,0.74,0.61,2.11,1.82,2.11,1.53,0.72,0.62,0.52,0.72,1.86,1.86,0.46,0.46,,
M,0,12,2,bp15_075a,bp15_075a,Balaenopteridae,Balaenoptera_physalus,,129240,379966,20.2,53000,23,57.44,41.20,7.48,6.03,5.63,3.46,0.83,0.60,6,4,1.11,0.71,2.98,1.29,2.31,2.44,0.88,0.23,0.31,0.38,5.53,2.29,0.85,0.40,,
M,0,13,2,bp15_229a,bp15_229a,Balaenopteridae,Balaenoptera_physalus,,129240,379966,20.2,53000,33,97.80,57.83,8.59,5.49,6.44,3.39,0.83,0.66,6,3,0.99,0.75,6.15,1.44,3.58,1.87,1.09,0.26,0.42,0.25,5.03,1.41,0.78,0.34,,
M,0,14,2,bp15_235a,bp15_235a,Balaenopteridae,Balaenoptera_physalus,,129240,379966,20.2,53000,6,67.52,50.39,6.87,2.43,4.41,1.84,0.66,0.63,4,2.5,1.04,0.92,3.74,0.73,1.31,1.31,1.12,0.29,0.19,0.19,2.46,1.27,0.47,0.37,,
M,0,15,2,bp15_236a,bp15_236a,Balaenopteridae,Balaenoptera_physalus,,129240,379966,20.2,53000,17,107.51,72.83,7.97,5.46,5.66,3.33,0.77,0.62,6,2,0.83,0.50,3.43,1.47,1.98,1.63,0.85,0.26,0.25,0.26,4.75,2.62,0.76,0.38,,
M,0,16,2,bp160609-36,bp160609-36,Balaenopteridae,Balaenoptera_physalus,,129240,379966,20.2,53000,2,106.64,86.29,8.12,7.88,3.54,3.15,0.44,0.40,4,3,0.49,0.38,2.04,1.75,1.47,2.04,0.27,0.22,0.18,0.27,4.87,4.73,0.64,0.60,,
M,0,17,2,bp160614-3b,bp160614-3b,Balaenopteridae,Balaenoptera_physalus,,129240,379966,20.2,53000,5,76.50,55.83,5.16,4.79,3.29,2.41,0.67,0.51,3,3,0.69,0.58,1.63,1.44,1.63,1.63,0.35,0.30,0.32,0.32,3.08,2.33,0.75,0.49,,
M,0,18,2,bp160615-3c,bp160615-3c,Balaenopteridae,Balaenoptera_physalus,,129240,379966,20.2,53000,1,59.68,59.68,8.92,8.92,1.17,1.17,0.13,0.13,2,2,0.22,0.22,1.20,1.20,1.20,1.20,0.13,0.13,0.13,0.13,7.76,7.76,0.87,0.87,,
M,0,19,2,bp160728-25,bp160728-25,Balaenopteridae,Balaenoptera_physalus,,129240,379966,20.2,53000,25,148.42,108.35,8.39,5.83,5.52,4.05,0.79,0.68,8,6,1.17,0.97,3.68,2.43,2.61,2.61,0.66,0.40,0.31,0.31,4.72,1.95,0.61,0.32,,
M,0,20,2,bp160912,bp160912,Balaenopteridae,Balaenoptera_physalus,,129240,379966,20.2,53000,219,359.31,40.57,13.53,4.18,8.36,2.93,0.89,0.56,9,3,1.36,0.80,29.33,1.27,3.65,6.83,28.11,0.27,0.27,0.73,9.48,1.97,0.89,0.44,,
M,0,21,2,bp160914,bp160914,Balaenopteridae,Balaenoptera_physalus,,129240,379966,20.2,53000,157,340.21,195.08,12.90,7.78,8.21,4.32,0.88,0.58,12,5,1.64,0.83,19.65,2.93,4.71,4.37,12.77,0.37,0.36,0.39,10.54,3.48,0.94,0.42,,
M,0,22,2,bp16_256a,bp16_256a,Balaenopteridae,Balaenoptera_physalus,,129240,379966,20.2,53000,13,297.43,271.87,10.77,9.31,6.21,4.46,0.59,0.52,9,6,0.84,0.71,6.55,3.77,3.18,3.98,0.74,0.39,0.30,0.38,4.96,4.56,0.56,0.48,,
M,0,23,2,bp170907-41b,bp170907-41b,Balaenopteridae,Balaenoptera_physalus,,129240,379966,20.2,53000,152,305.33,188.35,10.09,6.44,6.90,3.34,0.92,0.54,6,4,1.56,0.59,6.80,2.53,4.57,3.57,3.71,0.39,0.45,0.54,7.13,2.93,0.79,0.46,,
O,1,1,6,bb12_214a,bb12_214a,Physeteridae+Ziphiidae,Berardius_bairdii,Sheet1,915,1532,10.5,11900,2,1410.50,1177.75,79.88,67.77,54.43,39.15,0.68,0.56,41,35,0.52,0.515,395.09,395.09,,,7.10,7.10,,,31.79,28.62,0.57,0.44,70,15.32
O,1,1,4,pw15_188a,pw15_188a,Delphinidae+Phocenidae,Globicephala_macrorhynchus,Sheet1,150,602,4.3,980,3,877.22,850.24,18.15,18.05,10.17,8.57,0.57,0.47,4,4,0.22,0.22,8.84,7.07,5.30,8.84,0.50,0.39,0.29,0.50,11.50,9.58,0.64,0.53,10,6.04
O,1,2,4,pw15_188b,pw15_188b,Delphinidae+Phocenidae,Globicephala_macrorhynchus,Sheet1,150,602,4.3,980,2,690.31,682.99,14.55,14.29,4.55,3.89,0.32,0.27,7,5.5,0.5,0.385,8.59,6.98,8.59,5.38,0.59,0.49,0.59,0.38,11.33,10.40,0.78,0.73,12,3.56
O,1,1,3,gm12_207a,gm12_207a,Delphinidae+Phocenidae,Globicephala_melas,Sheet1,150,602,5,1200,13,712.79,624.22,12.90,11.42,7.54,5.23,0.65,0.46,15,9,1.2,0.82,58.61,12.10,6.32,11.70,5.25,1.02,0.49,0.96,8.28,6.42,0.75,0.54,128,13.66
O,1,2,3,gm12_217a,gm12_217a,Delphinidae+Phocenidae,Globicephala_melas,Sheet1,150,602,5,1200,15,653.14,597.74,13.64,12.15,7.57,4.09,0.56,0.39,18,7,1.32,0.66,187.00,8.39,8.39,12.37,19.13,0.74,0.62,1.10,10.26,7.27,0.84,0.61,120,15.50
O,1,3,3,gm12_224d,gm12_224d,Delphinidae+Phocenidae,Globicephala_melas,Sheet1,150,602,5,1200,16,892.18,582.13,14.86,13.32,6.95,5.22,0.52,0.38,9,2.5,0.63,0.185,53.21,5.94,9.64,9.64,3.89,0.49,0.65,0.65,14.17,8.98,1.00,0.62,53,14.68
O,1,4,3,gm12_229b,gm12_229b,Delphinidae+Phocenidae,Globicephala_melas,Sheet1,150,602,5,1200,4,631.84,621.74,13.38,11.34,5.42,3.32,0.41,0.29,16,12.5,1.35,1.025,31.53,8.06,6.14,,2.90,0.68,0.46,,8.13,7.98,0.75,0.71,51,10.26
O,1,5,3,gm12_242a,gm12_242a,Delphinidae+Phocenidae,Globicephala_melas,Sheet1,150,602,5,1200,7,791.18,671.74,13.79,13.18,6.80,5.83,0.50,0.44,14,13,1.13,0.99,50.56,18.25,9.09,10.19,4.39,1.37,0.66,0.74,9.28,7.32,0.67,0.56,83,9.23
O,1,6,3,gm13_008a,gm13_008a,Delphinidae+Phocenidae,Globicephala_melas,Sheet1,150,602,5,1200,26,739.16,569.10,14.20,10.80,8.55,4.17,0.71,0.41,14,8,1.54,0.755,15.66,4.92,3.19,6.04,1.41,0.43,0.22,0.47,9.55,6.12,0.95,0.59,213,14.57
O,1,7,3,gm13_030a,gm13_030a,Delphinidae+Phocenidae,Globicephala_melas,Sheet1,150,602,5,1200,16,709.94,472.21,16.08,11.21,7.75,3.22,0.69,0.29,14,4,0.87,0.36,10.50,6.00,7.01,7.01,0.95,0.52,0.44,0.44,13.54,8.17,1.00,0.71,84,9.08
O,1,8,3,gm15_248a,gm15_248a,Delphinidae+Phocenidae,Globicephala_melas,Sheet1,150,602,5,1200,3,780.69,643.87,12.81,12.71,5.55,5.03,0.43,0.43,6,6,0.47,0.47,8.37,7.21,7.13,8.37,0.66,0.62,0.56,0.66,7.68,7.25,0.60,0.57,17,8.66
O,1,9,3,gm15_265a,gm15_265a,Delphinidae+Phocenidae,Globicephala_melas,Sheet1,150,602,5,1200,10,709.10,671.54,15.69,14.66,7.64,6.26,0.49,0.44,13,10,0.83,0.71,362.74,6.35,362.74,8.51,23.12,0.44,23.12,0.58,9.50,7.98,0.69,0.56,101,9.56
O,1,1,2,gg11_216a,gg11_216a,Delphinidae+Phocenidae,Grampus_griseus,Sheet1,104,277,3,350,39,493.97,107.33,10.32,5.19,6.36,2.85,0.89,0.50,32,7,4.62,1.29,8.12,2.69,8.12,8.12,2.61,0.45,0.79,0.79,6.87,3.02,1.00,0.50,326,8.38
O,1,2,2,gg11_264a,gg11_264a,Delphinidae+Phocenidae,Grampus_griseus,Sheet1,104,277,3,350,6,555.66,231.32,9.16,5.64,3.05,1.74,0.56,0.24,7,3.5,0.91,0.64,224.17,5.74,6.01,6.01,40.86,0.66,0.66,0.66,6.92,5.21,1.00,0.76,22,5.31
O,1,3,2,gg11_265a,gg11_265a,Delphinidae+Phocenidae,Grampus_griseus,Sheet1,104,277,3,350,41,226.84,117.69,8.06,4.11,3.77,1.31,0.69,0.33,13,4,3.9,0.92,30.71,1.31,1.14,1.52,7.92,0.32,0.14,0.20,6.40,2.57,1.00,0.67,207,6.64
O,1,4,2,gg13_190a,gg13_190a,Delphinidae+Phocenidae,Grampus_griseus,Sheet1,104,277,3,350,9,139.45,60.86,3.68,2.49,1.61,0.43,0.63,0.21,8,2,3.14,1.21,241.86,0.78,0.75,0.75,97.26,0.45,0.20,0.20,2.76,1.52,0.98,0.79,25,5.15
O,1,5,2,gg13_204b,gg13_204b,Delphinidae+Phocenidae,Grampus_griseus,Sheet1,104,277,3,350,1,123.36,123.36,4.32,4.32,0.06,0.06,0.01,0.01,1,1,0.23,0.23,4.04,4.04,4.04,4.04,0.94,0.94,0.94,0.94,4.25,4.25,0.99,0.99,1,3.32
O,1,6,2,gg13_212a,gg13_212a,Delphinidae+Phocenidae,Grampus_griseus,Sheet1,104,277,3,350,3,122.85,96.12,5.54,5.15,0.47,0.03,0.08,0.01,2,1,0.4,0.36,1.40,1.24,1.07,1.40,0.27,0.23,0.19,0.27,5.13,5.06,1.00,0.99,4,1.07
O,1,7,2,gg13_255a,gg13_255a,Delphinidae+Phocenidae,Grampus_griseus,Sheet1,104,277,3,350,2,127.71,115.09,6.29,6.20,3.61,2.99,0.59,0.48,6,5.5,0.98,0.89,1.29,1.26,1.23,1.29,0.21,0.20,0.20,0.21,3.93,3.21,0.62,0.52,13,6.44
O,1,8,2,gg13_261a,gg13_261a,Delphinidae+Phocenidae,Grampus_griseus,Sheet1,104,277,3,350,11,278.64,196.73,7.62,5.80,4.15,0.40,0.62,0.07,9,4,1.52,0.61,20.01,6.49,4.66,5.29,6.08,1.22,0.61,0.75,7.59,4.23,1.00,0.93,44,4.23
O,1,9,2,gg13_262a,gg13_262a,Delphinidae+Phocenidae,Grampus_griseus,Sheet1,104,277,3,350,19,82.46,72.09,4.31,3.96,3.49,2.67,0.81,0.71,29,16,6.74,4.27,81.58,1.34,81.58,1.32,18.93,0.35,18.93,0.33,2.40,1.13,0.60,0.29,282,6.34
O,1,10,2,gg13_262b,gg13_262b,Delphinidae+Phocenidae,Grampus_griseus,Sheet1,104,277,3,350,28,248.87,176.23,9.37,5.68,7.16,3.76,0.81,0.67,23,13,4.17,2.29,3.27,1.61,2.41,2.41,13.73,0.31,0.26,0.26,6.44,1.85,0.82,0.33,347,13.07
O,1,11,2,gg13_262c,gg13_262c,Delphinidae+Phocenidae,Grampus_griseus,Sheet1,104,277,3,350,10,231.33,49.78,6.45,3.05,3.69,0.72,0.79,0.22,41,2,8.75,0.63,113.98,2.29,4.65,4.65,36.75,0.72,0.72,0.72,4.69,2.33,0.99,0.78,59,9.24
O,1,12,2,gg13_264a,gg13_264a,Delphinidae+Phocenidae,Grampus_griseus,Sheet1,104,277,3,350,5,141.87,108.79,5.37,5.13,2.61,1.56,0.57,0.30,7,4,1.54,0.77,4.55,1.79,2.23,2.23,0.88,0.35,0.41,0.41,5.33,3.27,0.99,0.70,19,1.08
O,1,13,2,gg13_266b,gg13_266b,Delphinidae+Phocenidae,Grampus_griseus,Sheet1,104,277,3,350,10,386.08,91.44,7.38,3.18,2.86,2.05,0.81,0.43,11,4.5,2.03,1.45,5.62,1.63,3.06,3.06,0.99,0.48,0.41,0.41,5.14,1.74,1.00,0.57,62,2.27
O,1,14,2,gg14_223a,gg14_223a,Delphinidae+Phocenidae,Grampus_griseus,Sheet1,104,277,3,350,17,258.84,106.88,4.76,3.31,2.22,1.33,0.70,0.35,7,4,2.64,1.41,13.00,2.22,3.05,3.05,3.46,0.65,0.64,0.64,3.58,1.80,0.91,0.65,76,2.17
O,1,15,2,gg14_253a,gg14_253a,Delphinidae+Phocenidae,Grampus_griseus,Sheet1,104,277,3,350,6,257.18,76.20,6.19,3.29,3.59,1.60,0.65,0.48,6,4,1.38,0.99,10.19,5.23,9.28,9.28,4.46,1.55,1.50,1.50,2.60,2.24,0.99,0.52,22,1.22
O,1,16,2,gg16_230a,gg16_230a,Delphinidae+Phocenidae,Grampus_griseus,Sheet1,104,277,3,350,6,218.89,164.82,4.50,3.62,2.08,0.26,0.46,0.09,6,3.5,1.34,1.13,32.23,1.81,1.00,1.81,14.24,0.46,0.22,0.46,3.78,2.77,1.00,0.91,20,1.17
O,1,17,2,gg16_237a,gg16_237a,Delphinidae+Phocenidae,Grampus_griseus,Sheet1,104,277,3,350,3,148.80,131.55,5.30,4.93,0.83,0.77,0.16,0.16,6,3,1.22,0.66,4.32,2.13,2.13,1.45,0.95,0.40,0.40,0.29,4.47,4.17,0.84,0.84,12,0.91
M,0,1,4,mn09_122b,mn09_122b,Balaenopteridae,Megaptera_novaeangliae,,59020,181190,14,36000,93,307.10,19.34,11.62,0.62,6.99,0.86,0.84,0.51,11,1,2.70,1.72,3.37,1.16,2.38,2.38,1.66,0.28,0.20,0.20,7.70,0.62,0.70,0.49,,
M,0,2,4,mn09_152a,mn09_152a,Balaenopteridae,Megaptera_novaeangliae,,59020,181190,14,36000,187,148.36,35.87,7.52,1.31,5.14,2.16,0.85,0.62,9,2,2.40,1.42,,,,,,,,,4.27,0.98,0.81,0.38,,
M,0,3,4,mn10_133a,mn10_133a,Balaenopteridae,Megaptera_novaeangliae,,59020,181190,14,36000,104,204.45,73.77,8.44,3.99,6.74,2.47,0.84,0.64,9,4,1.80,1.02,32.14,2.33,5.13,6.22,5.46,0.58,0.61,0.82,4.45,1.54,0.85,0.36,,
M,0,4,4,mn10_139a,mn10_139a,Balaenopteridae,Megaptera_novaeangliae,,59020,181190,14,36000,243,164.08,60.31,7.21,2.59,5.63,2.28,0.84,0.67,8,3,2.54,1.25,5.36,1.05,2.54,2.84,5.41,0.36,0.35,0.59,2.94,1.01,0.70,0.33,,
M,0,5,4,mn10_144a,mn10_144a,Balaenopteridae,Megaptera_novaeangliae,,59020,181190,14,36000,267,120.40,66.53,5.87,2.78,3.50,1.84,0.80,0.66,9,5,3.06,1.82,7.97,1.04,1.51,4.20,13.95,0.37,0.26,1.07,2.55,0.97,0.75,0.34,,
M,0,6,4,mn10_151a,mn10_151a,Balaenopteridae,Megaptera_novaeangliae,,59020,181190,14,36000,125,139.36,90.49,7.30,3.58,5.19,2.38,0.84,0.64,9,4,1.91,1.29,6.03,1.84,3.11,3.11,3.25,0.55,0.43,0.43,3.97,1.27,0.74,0.36,,
M,0,7,4,mn10_155a,mn10_155a,Balaenopteridae,Megaptera_novaeangliae,,59020,181190,14,36000,59,388.16,274.60,12.41,7.92,7.52,4.15,0.73,0.53,13,7,1.41,0.97,50.25,4.42,8.23,10.04,8.42,0.61,0.66,0.81,5.70,3.60,0.91,0.47,,
M,0,8,4,mn12_262a,mn12_262a,Balaenopteridae,Megaptera_novaeangliae,,59020,181190,14,36000,34,165.76,148.26,10.02,7.03,6.79,4.81,0.77,0.67,13,10,1.58,1.28,3.33,2.29,2.71,1.98,0.48,0.31,0.27,0.28,4.80,2.37,0.67,0.33,,
M,0,9,4,mn12_262b,mn12_262b,Balaenopteridae,Megaptera_novaeangliae,,59020,181190,14,36000,47,176.71,143.45,7.45,5.85,5.20,3.49,0.70,0.60,11,8,1.62,1.36,2.58,1.96,2.58,2.15,0.42,0.32,0.35,0.33,4.46,2.28,0.87,0.40,,
M,0,10,4,mn12_263a,mn12_263a,Balaenopteridae,Megaptera_novaeangliae,,59020,181190,14,36000,16,148.10,130.98,10.93,7.78,7.42,5.19,0.72,0.65,13,10,1.39,1.26,3.13,2.33,2.16,3.12,0.45,0.29,0.20,0.30,4.68,2.73,0.64,0.35,,
M,0,11,4,mn12_264a,mn12_264a,Balaenopteridae,Megaptera_novaeangliae,,59020,181190,14,36000,9,167.59,153.95,10.88,9.33,7.76,6.64,0.78,0.68,14,11,1.38,1.20,7.05,2.81,5.54,5.54,0.77,0.31,0.51,0.51,4.24,2.66,0.45,0.32,,
M,0,12,4,mn12_264b,mn12_264b,Balaenopteridae,Megaptera_novaeangliae,,59020,181190,14,36000,16,130.21,123.61,9.20,7.48,7.06,5.33,0.78,0.71,12,10,1.45,1.30,4.76,2.71,2.47,2.87,0.60,0.36,0.27,0.46,3.10,2.06,0.47,0.29,,
M,0,13,4,mn12_265a,mn12_265a,Balaenopteridae,Megaptera_novaeangliae,,59020,181190,14,36000,23,144.05,140.38,9.09,6.66,6.74,4.44,0.74,0.66,11,8,1.40,1.21,2.82,2.55,2.41,2.55,0.61,0.37,0.27,0.38,3.29,2.29,0.70,0.34,,
M,0,14,4,mn12_289a,mn12_289a,Balaenopteridae,Megaptera_novaeangliae,,59020,181190,14,36000,22,96.83,39.76,4.59,2.35,,,,,1,1,1.36,0.43,3.74,1.15,0.49,0.60,1.62,0.50,0.11,0.13,,,,,,
M,0,15,4,mn12_289b,mn12_289b,Balaenopteridae,Megaptera_novaeangliae,,59020,181190,14,36000,19,58.14,38.83,6.24,2.45,1.32,1.32,0.59,0.59,2,1,1.26,0.41,2.20,0.86,0.42,0.78,1.29,0.51,0.07,0.22,0.91,0.91,0.41,0.41,,
M,0,22,4,mn140716-4,mn140716-4,Balaenopteridae,Megaptera_novaeangliae,,59020,181190,14,36000,2,100.00,90.25,7.56,5.74,2.68,2.68,0.35,0.35,2,1.5,0.26,0.26,3.53,2.49,1.45,1.45,0.90,0.55,0.19,0.19,4.88,4.88,0.65,0.65,,
M,0,23,4,mn140721-3,mn140721-3,Balaenopteridae,Megaptera_novaeangliae,,59020,181190,14,36000,4,100.87,96.82,6.39,5.80,4.01,3.06,0.64,0.52,7,5,1.10,0.86,2.55,2.05,2.04,2.06,0.40,0.38,0.32,0.39,3.09,2.78,0.59,0.48,,
M,0,24,4,mn151011-6,mn151011-6,Balaenopteridae,Megaptera_novaeangliae,,59020,181190,14,36000,3,150.50,140.55,10.91,9.75,4.56,3.10,0.45,0.42,4,3,0.44,0.37,4.58,3.45,4.58,4.58,0.42,0.37,0.42,0.42,8.52,6.35,0.87,0.58,,
M,0,25,4,mn151031-3,mn151031-3,Balaenopteridae,Megaptera_novaeangliae,,59020,181190,14,36000,18,93.61,84.74,6.88,4.84,5.43,3.11,0.79,0.66,12,6,1.74,1.33,2.08,1.70,1.87,1.73,0.45,0.33,0.27,0.27,3.28,1.56,0.70,0.34,,
M,0,26,4,mn151031-4,mn151031-4,Balaenopteridae,Megaptera_novaeangliae,,59020,181190,14,36000,98,88.21,25.72,5.15,1.22,3.75,2.00,0.78,0.58,9,1,2.14,1.43,3.39,0.35,1.60,2.42,2.28,0.31,0.31,0.51,2.81,1.29,0.69,0.42,,
M,0,27,4,mn151103-3,mn151103-3,Balaenopteridae,Megaptera_novaeangliae,,59020,181190,14,36000,20,110.76,101.84,6.05,5.18,4.06,2.47,0.68,0.49,10,6,1.65,1.10,4.40,2.83,3.16,3.62,0.83,0.55,0.52,0.83,5.13,2.58,0.93,0.51,,
M,0,28,4,mn151103-4,mn151103-4,Balaenopteridae,Megaptera_novaeangliae,,59020,181190,14,36000,4,97.52,95.88,5.70,4.94,3.99,3.16,0.70,0.64,11,8.5,1.93,1.72,8.27,2.00,8.27,2.20,1.45,0.43,1.45,0.44,2.02,1.85,0.47,0.36,,
M,0,29,4,mn151103-7,mn151103-7,Balaenopteridae,Megaptera_novaeangliae,,59020,181190,14,36000,100,106.33,24.81,10.20,1.20,5.87,1.98,0.79,0.63,13,2,2.34,1.45,12.37,0.56,2.81,2.49,9.60,0.23,0.28,0.30,5.63,0.91,0.70,0.37,,
M,0,31,4,mn160419-8,mn160419-8,Balaenopteridae,Megaptera_novaeangliae,,59020,181190,14,36000,117,96.00,32.46,5.68,1.60,3.61,1.42,0.89,0.49,5,1,3.19,0.88,2.26,0.41,2.26,2.26,1.69,0.27,0.40,0.40,2.74,1.25,0.81,0.51,,
M,0,32,4,mn160429-37,mn160429-37,Balaenopteridae,Megaptera_novaeangliae,,59020,181190,14,36000,42,141.34,104.09,6.31,4.15,3.05,1.44,0.71,0.40,5,2,1.70,0.55,5.17,2.22,2.87,5.10,1.65,0.55,0.45,1.03,4.97,2.45,0.93,0.60,,
M,0,33,4,mn160725-36b,mn160725-36b,Balaenopteridae,Megaptera_novaeangliae,,59020,181190,14,36000,63,69.67,20.41,3.89,0.75,1.63,0.56,0.66,0.44,4,1,2.29,1.51,7.33,0.15,1.50,1.50,7.49,0.24,0.39,0.39,3.43,0.76,0.88,0.56,,
M,0,34,4,mn160727-11,mn160727-11,Balaenopteridae,Megaptera_novaeangliae,,59020,181190,14,36000,79,172.16,78.46,6.21,3.86,3.61,1.99,0.79,0.50,7,3,2.47,0.99,7.86,1.78,3.90,2.12,2.05,0.47,0.63,0.47,4.81,1.98,0.88,0.50,,
M,0,35,4,mn161006-11,mn161006-11,Balaenopteridae,Megaptera_novaeangliae,,59020,181190,14,36000,47,27.62,19.74,2.77,1.23,,,,,1,1,2.21,0.82,4.70,0.78,0.48,0.40,10.00,0.68,0.17,0.26,,,,,,
M,0,36,4,mn161105-36,mn161105-36,Balaenopteridae,Megaptera_novaeangliae,,59020,181190,14,36000,15,59.40,49.26,4.11,3.11,2.57,1.53,0.81,0.49,5,3,1.40,0.89,2.27,1.36,0.50,2.09,0.95,0.55,0.12,0.67,2.89,1.60,0.92,0.51,,
M,0,37,4,mn161106-36,mn161106-36,Balaenopteridae,Megaptera_novaeangliae,,59020,181190,14,36000,94,54.98,27.81,5.09,2.29,2.92,1.18,0.79,0.51,7,3,2.38,1.40,16.67,0.80,1.16,1.16,6.63,0.35,0.23,0.23,2.69,1.02,0.79,0.49,,
M,0,38,4,mn161107-36b,mn161107-36b,Balaenopteridae,Megaptera_novaeangliae,,59020,181190,14,36000,44,56.08,31.17,4.06,1.48,1.68,0.57,0.68,0.35,5,2,3.08,1.34,7.95,1.02,1.20,2.49,7.75,0.49,0.30,0.87,3.05,0.91,0.87,0.65,,
M,0,39,4,mn161117-10,mn161117-10,Balaenopteridae,Megaptera_novaeangliae,,59020,181190,14,36000,14,122.11,103.78,5.64,3.44,3.09,2.41,0.56,0.45,3,1,0.59,0.34,1.90,1.27,1.90,0.11,0.63,0.32,0.34,0.03,3.38,2.89,0.66,0.55,,
M,0,40,4,mn170218-31,mn170218-31,Balaenopteridae,Megaptera_novaeangliae,,59020,181190,14,36000,182,128.18,21.66,6.40,1.09,4.09,1.16,0.83,0.62,7,2,2.61,1.74,24.72,0.52,2.99,0.13,18.08,0.43,0.47,0.03,3.15,0.62,0.76,0.38,,
M,0,41,4,mn170220-30,mn170220-30,Balaenopteridae,Megaptera_novaeangliae,,59020,181190,14,36000,12,196.37,172.48,7.17,4.94,3.25,2.43,0.56,0.48,5,4,0.84,0.79,7.67,5.42,7.03,4.31,1.61,1.02,0.98,0.90,4.58,2.63,0.64,0.52,,
M,0,42,4,mn170322-30,mn170322-30,Balaenopteridae,Megaptera_novaeangliae,,59020,181190,14,36000,22,340.08,268.53,9.46,8.33,7.50,5.50,0.79,0.70,15,11.5,1.63,1.50,8.28,4.96,6.43,8.28,0.91,0.65,0.68,0.88,5.60,2.26,0.79,0.30,,
M,0,43,4,mn170410-20,mn170410-20,Balaenopteridae,Megaptera_novaeangliae,,59020,181190,14,36000,76,26.80,18.67,9.98,1.91,7.00,1.40,0.86,0.58,7,2,1.81,1.04,5.16,0.21,1.65,1.65,2.77,0.17,0.17,0.17,3.60,0.91,0.76,0.42,,
M,0,44,4,mn170613-20,mn170613-20,Balaenopteridae,Megaptera_novaeangliae,,59020,181190,14,36000,18,63.20,61.34,7.46,5.11,5.43,3.04,0.73,0.60,5,4,1.02,0.78,5.01,1.98,1.39,2.25,0.90,0.38,0.19,0.31,4.97,2.03,0.68,0.40,,
M,0,45,4,mn170703-40,mn170703-40,Balaenopteridae,Megaptera_novaeangliae,,59020,181190,14,36000,12,199.49,148.38,11.87,8.77,8.21,6.06,0.78,0.70,18,12.5,1.69,1.44,3.31,2.47,2.80,2.46,0.40,0.25,0.24,0.25,5.20,2.72,0.49,0.30,,
M,0,46,4,mn170808-42,mn170808-42,Balaenopteridae,Megaptera_novaeangliae,,59020,181190,14,36000,15,68.33,29.97,3.41,1.40,1.10,0.93,0.33,0.33,3,1,1.47,0.83,10.16,0.58,0.42,1.96,8.70,0.44,0.12,0.66,2.31,1.92,0.68,0.67,,
M,0,47,4,mn170809-41,mn170809-41,Balaenopteridae,Megaptera_novaeangliae,,59020,181190,14,36000,13,163.77,42.20,3.66,1.97,1.54,0.84,0.67,0.33,3,1,1.14,0.86,4.47,0.51,2.41,2.41,2.35,0.27,0.66,0.66,3.17,1.60,0.87,0.67,,
M,0,48,4,mn170809-43,mn170809-43,Balaenopteridae,Megaptera_novaeangliae,,59020,181190,14,36000,10,149.60,42.40,2.97,1.32,0.72,0.64,0.45,0.32,2,1,1.65,0.84,3.14,0.63,3.14,3.14,1.26,0.45,1.06,1.06,2.42,1.65,0.81,0.68,,
M,0,49,4,mn170810-40,mn170810-40,Balaenopteridae,Megaptera_novaeangliae,,59020,181190,14,36000,12,104.21,45.46,3.79,1.78,1.74,0.61,0.49,0.32,5,1,1.42,0.88,3.71,1.46,0.09,3.71,4.26,0.77,0.02,1.57,3.18,1.61,0.84,0.68,,
M,0,50,4,mn170810-41,mn170810-41,Balaenopteridae,Megaptera_novaeangliae,,59020,181190,14,36000,4,42.49,21.49,1.55,1.22,,,,,1,1,1.62,0.85,0.58,0.50,0.50,0.58,0.39,0.32,0.32,0.39,,,,,,
M,0,51,4,mn170815-10,mn170815-10,Balaenopteridae,Megaptera_novaeangliae,,59020,181190,14,36000,20,165.03,31.66,8.90,1.95,5.78,1.45,0.75,0.59,8,2,1.92,1.15,3.18,0.58,3.18,3.06,1.64,0.22,0.36,0.43,7.13,1.35,0.84,0.41,,
M,0,52,4,mn170817-30,mn170817-30,Balaenopteridae,Megaptera_novaeangliae,,59020,181190,14,36000,16,139.65,125.68,6.78,4.73,2.97,2.26,0.55,0.43,4,1.5,0.75,0.37,4.85,2.20,1.44,2.87,1.08,0.46,0.21,0.61,4.02,2.76,0.85,0.57,,
M,0,53,4,mn170817-43,mn170817-43,Balaenopteridae,Megaptera_novaeangliae,,59020,181190,14,36000,25,186.17,142.70,8.31,4.64,3.55,1.29,0.51,0.29,3,1,0.72,0.31,5.45,1.82,1.82,1.75,1.85,0.37,0.22,0.35,5.43,3.75,0.86,0.71,,
M,0,54,4,mn170817-50,mn170817-50,Balaenopteridae,Megaptera_novaeangliae,,59020,181190,14,36000,67,152.91,128.21,6.72,2.99,3.60,1.22,0.56,0.29,4,1,1.86,0.42,5.81,1.48,2.53,4.61,9.63,0.53,0.38,1.16,4.80,2.55,0.94,0.71,,
M,0,55,4,mn170908-44,mn170908-44,Balaenopteridae,Megaptera_novaeangliae,,59020,181190,14,36000,285,173.38,29.97,9.12,2.01,5.81,1.18,0.72,0.40,6,1,1.96,0.50,41.83,0.75,4.84,4.84,19.39,0.37,0.53,0.53,6.01,2.86,0.88,0.60,,
M,0,56,4,mn170912-42,mn170912-42,Balaenopteridae,Megaptera_novaeangliae,,59020,181190,14,36000,169,213.22,23.88,7.88,1.69,3.19,2.34,0.51,0.35,2,1,2.15,0.59,6.84,0.66,0.55,0.55,3.24,0.39,0.07,0.07,4.66,4.15,0.69,0.65,,
M,0,57,4,mn170912-43,mn170912-43,Balaenopteridae,Megaptera_novaeangliae,,59020,181190,14,36000,176,116.05,17.61,6.44,1.71,4.09,1.29,0.78,0.50,7,1,2.91,0.62,159.23,0.89,3.11,37.38,142.60,0.50,0.48,6.31,3.34,1.52,0.90,0.50,,
O,1,1,9,md08_137a,md08_137a,Physeteridae+Ziphiidae,Mesoplodon_densirostris,Arranz et al. 2011,122,207,4.1,860,7,1330,911,65,48,38,28,0.79,0.58,49,35,1.02,0.73,,,,,,,,,,,,,245,18.40
O,1,2,9,md05_294a,md05_294a,Physeteridae+Ziphiidae,Mesoplodon_densirostris,Arranz et al. 2011,122,207,4.1,860,3,790,671,51,50,22,22,0.44,0.44,28,24,0.56,0.48,,,,,,,,,,,,,72,4.10
O,1,3,9,md03_284a,md03_284a,Physeteridae+Ziphiidae,Mesoplodon_densirostris,Arranz et al. 2011,122,207,4.1,860,5,616.00,616,57.00,51,31.00,26,0.61,0.51,44,26,0.86,0.51,,125.10,,,,2.45,,,,,,,130,12.50
O,1,4,9,md03_298a,md03_298a,Physeteridae+Ziphiidae,Mesoplodon_densirostris,Arranz et al. 2011,122,207,4.1,860,2,815.00,774,48.00,47,27.00,25,0.57,0.53,27,23,0.57,0.49,,66.70,,,,1.42,,,,,,,46,2.60
O,1,5,9,md08_289a,md08_289a,Physeteridae+Ziphiidae,Mesoplodon_densirostris,Arranz et al. 2011,122,207,4.1,860,7,963.00,710,57.00,44,32.00,23,0.73,0.52,34,21,0.77,0.48,,,,,,,,,,,,,147,18.00
O,1,6,9,md05_294b,md05_294b,Physeteridae+Ziphiidae,Mesoplodon_densirostris,Arranz et al. 2011,122,207,4.1,860,1,616.00,616,47.00,47,21.00,21,0.45,0.45,18,18,0.38,0.38,,,,,,,,,,,,,18,2.80
O,1,7,9,md04_287a,md04_287a,Physeteridae+Ziphiidae,Mesoplodon_densirostris,Arranz et al. 2011,122,207,4.1,860,4,1311.00,1003,55.00,44,33.00,28,0.75,0.64,37,32,0.84,0.73,,76.9,,,,1.75,,,,,,,128,9.50
O,1,8,9,md08_136a,md08_136a,Physeteridae+Ziphiidae,Mesoplodon_densirostris,Arranz et al. 2011,122,207,4.1,860,2,784.00,781,52.00,48,27.00,24,0.56,0.50,27,23,0.56,0.48,,,,,,,,,,,,,46,2.00
O,1,9,9,md05_277a,md05_277a,Physeteridae+Ziphiidae,Mesoplodon_densirostris,Arranz et al. 2011,122,207,4.1,860,3,953.00,914,62.00,57,29.00,25,0.51,0.44,37,29,0.65,0.51,,,,,,,,,,,,,87,6.90
O,1,10,9,md05_285a,md05_285a,Physeteridae+Ziphiidae,Mesoplodon_densirostris,Arranz et al. 2011,122,207,4.1,860,4,1011.00,833,52.00,45,26.00,25,0.58,0.56,53,43,1.18,0.96,,,,,,,,,,,,,172,8.60
O,1,11,9,md08_142a,md08_142a,Physeteridae+Ziphiidae,Mesoplodon_densirostris,Arranz et al. 2011,122,207,4.1,860,1,807.00,807,47.00,47,20.00,20,0.43,0.43,11,11,0.23,0.23,,,,,,,,,,,,,11,1.60
O,1,12,9,md08_148a,md08_148a,Physeteridae+Ziphiidae,Mesoplodon_densirostris,Arranz et al. 2011,122,207,4.1,860,2,1024.00,932,64.00,58,31.00,27,0.53,0.47,37,34,0.64,0.59,,,,,,,,,,,,,68,6.20
O,1,13,9,md10_146a,md10_146a,Physeteridae+Ziphiidae,Mesoplodon_densirostris,Arranz et al. 2011,122,207,4.1,860,1,925.00,925,48.00,48,22.00,22,0.46,0.46,34,34,0.71,0.71,,,,,,,,,,,,,34,2.90
O,1,14,9,md10_161a,md10_161a,Physeteridae+Ziphiidae,Mesoplodon_densirostris,Arranz et al. 2011,122,207,4.1,860,8,915.00,834,51.00,41,29.00,22,0.71,0.54,29,18,0.71,0.44,,,,,,,,,,,,,144,15.30
O,1,1,7,oo10_251m,oo10_251m,Delphinidae+Phocenidae,Orcinus_orca,Sheet1,8500,12445,6,3000,4,165.02,142.73,4.36,3.50,1.77,0.42,0.56,0.11,3,1.5,0.95,0.465,7.60,4.35,5.07,5.07,2.42,1.05,1.16,1.16,4.27,2.76,0.99,0.89,8,1.12
O,1,2,7,oo10_265m,oo10_265m,Delphinidae+Phocenidae,Orcinus_orca,Sheet1,8500,12445,6,3000,23,198.08,130.08,8.43,3.89,5.81,1.68,0.75,0.40,12,4,2.73,1.18,10.51,1.59,2.23,4.02,2.05,0.62,0.26,0.78,6.14,2.54,0.98,0.60,112,6.26
O,1,3,7,oo12_251m,oo12_251m,Delphinidae+Phocenidae,Orcinus_orca,Sheet1,8500,12445,6,3000,3,121.01,108.39,7.14,5.81,2.58,0.89,0.36,0.28,11,2,1.54,0.62,6.00,1.04,6.00,6.00,0.84,0.18,0.84,0.84,5.75,4.56,0.99,0.72,14,1.67
O,1,4,7,oo12_254m,oo12_254m,Delphinidae+Phocenidae,Orcinus_orca,Sheet1,8500,12445,6,3000,9,348.94,121.68,7.13,3.87,3.14,0.45,0.44,0.17,9,3,1.26,0.78,14.75,2.71,2.75,1.83,7.13,0.67,0.39,0.37,3.99,3.06,1.00,0.83,31,7.03
O,1,5,7,oo12_261m,oo12_261m,Delphinidae+Phocenidae,Orcinus_orca,Sheet1,8500,12445,6,3000,2,89.49,72.51,3.26,2.60,0.01,0.01,0.00,0.00,1,1,0.52,0.415,2.22,1.18,2.22,2.22,0.68,0.37,0.68,0.68,3.25,2.59,1.00,1.00,2,2.21
O,1,6,7,oo12_266m,oo12_266m,Delphinidae+Phocenidae,Orcinus_orca,Sheet1,8500,12445,6,3000,7,155.04,121.44,7.36,4.39,4.18,2.09,0.70,0.44,6,5,1.14,0.68,7.16,3.23,2.46,6.30,2.02,0.69,0.33,1.05,4.14,2.82,1.00,0.56,26,2.65
O,1,7,7,oo14_249m,oo14_249m,Delphinidae+Phocenidae,Orcinus_orca,Sheet1,8500,12445,6,3000,9,183.22,123.96,5.54,4.22,3.30,0.75,0.60,0.25,6,4,1.45,0.72,11.72,4.90,1.93,4.90,2.83,1.03,0.35,0.96,5.06,3.14,0.99,0.75,31,7.18
O,1,8,7,oo14_263m,oo14_263m,Delphinidae+Phocenidae,Orcinus_orca,Sheet1,8500,12445,6,3000,4,211.56,192.27,8.85,4.76,0.54,0.14,0.11,0.03,2,1.5,0.46,0.33,7.38,4.07,4.52,2.50,2.02,0.67,0.51,0.49,8.83,4.38,1.00,0.97,6,6.60
O,1,9,7,oo14_264m,oo14_264m,Delphinidae+Phocenidae,Orcinus_orca,Sheet1,8500,12445,6,3000,3,154.76,145.05,7.65,6.81,4.65,4.21,0.68,0.55,13,9,1.7,1.32,6.49,3.40,3.40,6.49,0.95,0.93,0.44,0.95,3.44,2.64,0.93,0.45,23,0.83
O,1,10,7,oo14_266m,oo14_266m,Delphinidae+Phocenidae,Orcinus_orca,Sheet1,8500,12445,6,3000,12,175.96,107.38,7.23,4.95,5.66,1.60,0.81,0.41,12,3.5,2.43,1,5.85,3.45,4.01,4.01,3.14,0.69,0.55,0.55,5.86,2.08,0.89,0.59,72,4.63
O,1,1,1,hp12_272a,hp12_272a,Delphinidae+Phocenidae,Phocoena_phocoena,Sheet1,2.39,11,1.22,31,477,22.48,7.10,2.06,0.59,1.44,0.23,0.89,0.44,16,3,19.92,5.51,3.04,0.17,0.47,0.63,7.86,0.29,0.23,0.31,1.34,0.31,0.99,0.56,1857,21.90
O,1,2,1,hp12_293a,hp12_293a,Delphinidae+Phocenidae,Phocoena_phocoena,Sheet1,2.39,11,1.63,68,351,49.80,15.38,2.70,0.87,1.87,0.22,0.92,0.29,15,2,16.5,2.69,3.76,0.50,0.74,,34.32,0.62,0.27,0.56,2.59,0.44,1.00,0.71,1381,17.74
O,1,3,1,hp13_102a,hp13_102a,Delphinidae+Phocenidae,Phocoena_phocoena,Sheet1,2.39,11,1.14,27,514,18.13,7.26,2.54,0.70,1.80,0.47,0.99,0.72,18,5,20.89,8.88,3.07,0.40,,0.52,27.94,0.56,0.32,0.52,2.54,0.19,1.00,0.28,3409,23.69
O,1,4,1,hp13_170a,hp13_170a,Delphinidae+Phocenidae,Phocoena_phocoena,Sheet1,2.39,11,1.22,32,285,26.00,14.46,3.52,1.79,3.35,0.83,0.99,0.55,22,2,11.11,1.69,3.76,0.50,0.33,0.88,4.54,0.29,0.09,0.28,3.23,0.53,0.99,0.45,1222,15.36
O,1,5,1,hp14_226b,hp14_226b,Delphinidae+Phocenidae,Phocoena_phocoena,Sheet1,2.39,11,1.26,34,688,26.89,10.18,2.26,0.93,1.88,0.50,0.95,0.60,24,4,22.92,4.39,6.94,0.41,0.70,0.39,9.53,0.43,0.31,0.28,1.89,0.34,0.99,0.40,3232,22.53
O,1,6,1,hp15_117a,hp15_117a,Delphinidae+Phocenidae,Phocoena_phocoena,Sheet1,2.39,11,1.7,76,257,26.01,11.59,2.01,0.77,1.48,0.21,0.88,0.30,10,2,9.41,2.56,8.69,0.41,1.48,1.48,43.00,0.49,0.73,0.73,1.60,0.48,0.99,0.70,906,13.21
O,1,7,1,hp16_264a,hp16_264a,Delphinidae+Phocenidae,Phocoena_phocoena,Sheet1,2.39,11,1.63,68,180,21.06,6.43,2.20,0.87,1.48,0.32,0.91,0.44,7,2,10.71,1.96,10.59,0.25,0.52,5.50,30.35,0.33,0.23,2.56,2.09,0.41,0.99,0.56,383,11.95
O,1,8,1,hp16_316a,hp16_316a,Delphinidae+Phocenidae,Phocoena_phocoena,Sheet1,2.39,11,1.13,26,1162,61.28,9.94,1.68,0.74,1.24,0.45,0.98,0.62,26,4,30.76,5.45,46.55,0.57,1.39,0.35,142.49,0.75,0.83,0.28,0.91,0.28,0.98,0.38,5715,39.66
O,1,1,8,sw14_092a,sw14_092a,Physeteridae+Ziphiidae,Physeter_macrocephalus,Sheet1,1000,2650,11,15000,2,993.27,971.20,52.57,52.10,35.25,33.60,0.67,0.64,20,18,0.38,0.345,12.66,11.79,10.92,10.92,0.25,0.23,0.21,0.21,19.69,18.50,0.38,0.36,36,2.24
O,1,2,8,sw14_106a,sw14_106a,Physeteridae+Ziphiidae,Physeter_macrocephalus,Sheet1,1000,2650,11,15000,5,1078.07,904.44,56.42,52.04,41.28,33.57,0.74,0.63,22,18,0.39,0.34,8.78,8.13,8.78,8.78,0.17,0.16,0.16,0.16,21.50,19.64,0.44,0.37,87,5.80
O,1,3,8,sw14_106b,sw14_106b,Physeteridae+Ziphiidae,Physeter_macrocephalus,Sheet1,1000,2650,11,15000,7,843.94,554.17,42.53,40.18,29.38,22.40,0.70,0.54,16,9,0.4,0.23,124.16,11.92,26.74,124.16,3.13,0.28,0.63,3.13,31.48,18.29,0.85,0.46,67,8.93
O,1,4,8,sw14_114a,sw14_114a,Physeteridae+Ziphiidae,Physeter_macrocephalus,Sheet1,1000,2650,11,15000,6,813.29,709.61,48.70,46.42,32.41,29.45,0.70,0.64,14,12,0.3,0.26,64.44,12.32,64.44,12.32,1.32,0.27,1.32,0.27,22.38,16.53,0.48,0.36,70,6.94
O,1,5,8,sw14_114b,sw14_114b,Physeteridae+Ziphiidae,Physeter_macrocephalus,Sheet1,1000,2650,11,15000,6,895.84,853.53,61.40,54.31,45.91,39.00,0.80,0.71,27,22.5,0.47,0.41,8.55,7.44,8.55,7.19,0.15,0.14,0.14,0.15,17.34,16.07,0.36,0.29,141,6.48
O,1,6,8,sw14_119a,sw14_119a,Physeteridae+Ziphiidae,Physeter_macrocephalus,Sheet1,1000,2650,11,15000,8,909.20,860.21,47.57,46.73,31.95,28.77,0.68,0.62,21,17.5,0.44,0.385,11.96,10.47,11.21,11.96,0.27,0.22,0.24,0.27,25.34,16.64,0.57,0.38,141,9.16
O,1,7,8,sw14_119b,sw14_119b,Physeteridae+Ziphiidae,Physeter_macrocephalus,Sheet1,1000,2650,11,15000,7,935.83,786.19,61.30,53.56,43.87,33.49,0.73,0.58,21,15,0.35,0.26,9.91,8.76,8.36,8.97,0.22,0.16,0.14,0.16,29.70,19.70,0.67,0.42,105,8.78
O,1,8,8,sw15_061a,sw15_061a,Physeteridae+Ziphiidae,Physeter_macrocephalus,Sheet1,1000,2650,11,15000,4,778.74,727.94,47.69,42.46,33.53,29.08,0.71,0.68,21,16,0.44,0.37,12.89,12.56,9.26,12.72,0.33,0.30,0.19,0.33,18.02,13.76,0.47,0.32,76,4.19
O,1,9,8,sw15_061b,sw15_061b,Physeteridae+Ziphiidae,Physeter_macrocephalus,Sheet1,1000,2650,11,15000,6,1049.87,921.16,51.17,48.14,40.00,31.06,0.80,0.65,40,16.5,0.8,0.36,23.73,10.28,10.63,9.06,0.49,0.22,0.21,0.18,19.69,15.90,0.43,0.35,119,7.44
O,1,10,8,sw15_061c,sw15_061c,Physeteridae+Ziphiidae,Physeter_macrocephalus,Sheet1,1000,2650,11,15000,6,831.59,751.60,48.63,45.60,29.52,27.71,0.63,0.60,18,13.5,0.38,0.29,23.07,11.69,23.07,23.07,0.47,0.26,0.47,0.47,20.80,18.31,0.46,0.40,82,6.06
O,1,11,8,sw15_078a,sw15_078a,Physeteridae+Ziphiidae,Physeter_macrocephalus,Sheet1,1000,2650,11,15000,7,876.87,781.22,49.80,48.28,35.58,30.60,0.71,0.66,24,21,0.53,0.43,10.43,9.54,9.95,8.60,0.22,0.20,0.20,0.19,20.55,15.73,0.45,0.34,154,9.87
O,1,12,8,sw15_078b,sw15_078b,Physeteridae+Ziphiidae,Physeter_macrocephalus,Sheet1,1000,2650,15,28000,2,675.86,666.41,51.87,49.17,33.18,31.72,0.65,0.65,16,15.5,0.34,0.315,7.30,7.23,7.16,7.16,0.16,0.15,0.14,0.14,18.69,17.45,0.36,0.35,43,5.14
O,1,13,8,sw15_078c,sw15_078c,Physeteridae+Ziphiidae,Physeter_macrocephalus,Sheet1,1000,2650,15,28000,9,942.59,798.44,49.26,45.36,34.41,29.30,0.70,0.64,21,15,0.46,0.33,12.98,9.57,9.95,9.95,0.29,0.21,0.20,0.20,22.20,15.35,0.50,0.36,138,10.06
O,1,14,8,sw15_078d,sw15_078d,Physeteridae+Ziphiidae,Physeter_macrocephalus,Sheet1,1000,2650,11,15000,14,1038.76,802.00,55.35,47.91,40.67,33.58,0.76,0.69,23,20,0.47,0.385,10.95,8.41,8.66,8.66,0.21,0.17,0.16,0.16,20.85,14.70,0.40,0.31,,25.00
O,1,15,8,sw15_085a,sw15_085a,Physeteridae+Ziphiidae,Physeter_macrocephalus,Sheet1,1000,2650,11,15000,6,853.16,814.32,46.55,40.69,27.26,20.88,0.61,0.51,22,15.5,0.58,0.38,91.35,26.86,11.59,91.35,2.42,0.64,0.25,2.42,27.96,20.09,0.74,0.49,102,9.50
O,1,16,8,sw15_090a,sw15_090a,Physeteridae+Ziphiidae,Physeter_macrocephalus,Sheet1,1000,2650,11,15000,7,1026.15,892.04,56.53,53.65,40.54,36.78,0.72,0.69,25,16,0.44,0.32,146.21,15.57,9.89,17.22,3.15,0.31,0.18,0.39,19.04,16.87,0.41,0.31,121,10.23
O,1,17,8,sw15_090b,sw15_090b,Physeteridae+Ziphiidae,Physeter_macrocephalus,Sheet1,1000,2650,11,15000,6,948.14,917.69,59.99,51.42,43.12,31.91,0.72,0.62,23,15.5,0.38,0.3,146.22,15.76,23.83,21.82,2.63,0.30,0.40,0.46,21.11,18.66,0.44,0.38,93,9.00
O,1,18,8,sw15_090c,sw15_090c,Physeteridae+Ziphiidae,Physeter_macrocephalus,Sheet1,1000,2650,11,15000,5,940.53,921.46,60.28,57.52,41.87,37.53,0.71,0.68,19,18,0.37,0.32,124.21,10.96,10.96,124.21,2.16,0.18,0.18,2.16,20.78,17.72,0.37,0.32,88,7.88
O,1,19,8,sw15_091a,sw15_091a,Physeteridae+Ziphiidae,Physeter_macrocephalus,Sheet1,1000,2650,11,15000,8,969.53,861.99,44.41,40.11,26.64,21.55,0.60,0.53,14,11,0.34,0.285,18.52,10.72,14.43,18.52,0.43,0.28,0.32,0.43,20.84,18.81,0.54,0.47,99,8.75
O,1,20,8,sw15_091b,sw15_091b,Physeteridae+Ziphiidae,Physeter_macrocephalus,Sheet1,1000,2650,11,15000,6,974.11,914.60,53.57,51.88,36.56,32.04,0.69,0.61,17,16.5,0.33,0.32,11.59,10.25,9.90,10.61,0.22,0.20,0.18,0.21,25.76,19.96,0.50,0.39,104,6.71
O,1,21,8,sw15_097a,sw15_097a,Physeteridae+Ziphiidae,Physeter_macrocephalus,Sheet1,1000,2650,11,15000,6,982.37,829.24,49.35,48.04,33.86,30.94,0.69,0.64,18,15.5,0.37,0.31,9.85,9.42,9.85,9.26,0.21,0.20,0.20,0.21,20.68,17.17,0.47,0.36,97,6.41
O,1,22,8,sw15_100a,sw15_100a,Physeteridae+Ziphiidae,Physeter_macrocephalus,Sheet1,1000,2650,11,15000,3,812.95,777.61,49.73,47.31,28.35,22.66,0.57,0.54,15,10,0.3,0.24,56.30,32.24,56.30,56.30,1.13,0.65,1.13,1.13,30.12,21.38,0.64,0.46,34,5.70
O,1,23,8,sw15_100b,sw15_100b,Physeteridae+Ziphiidae,Physeter_macrocephalus,Sheet1,1000,2650,11,15000,7,856.16,824.67,46.43,42.96,29.00,23.91,0.62,0.55,17,12,0.37,0.27,160.43,10.92,11.24,18.43,3.55,0.24,0.24,0.49,24.29,20.03,0.57,0.45,89,9.43
O,1,24,8,sw16_103a,sw16_103a,Physeteridae+Ziphiidae,Physeter_macrocephalus,Sheet1,1000,2650,11,15000,6,894.95,823.50,56.44,48.58,40.73,30.83,0.72,0.63,19,16.5,0.39,0.33,14.89,12.90,11.53,13.60,0.32,0.26,0.20,0.28,23.02,17.97,0.47,0.37,99,6.14
O,1,25,8,sw16_133a,sw16_133a,Physeteridae+Ziphiidae,Physeter_macrocephalus,Sheet1,1000,2650,11,15000,6,865.91,632.31,49.45,47.25,35.07,33.16,0.71,0.70,24,19,0.51,0.395,10.73,8.97,9.79,8.54,0.26,0.19,0.20,0.18,18.39,14.49,0.45,0.30,118,6.18
O,1,26,8,sw16_134a,sw16_134a,Physeteridae+Ziphiidae,Physeter_macrocephalus,Sheet1,1000,2650,11,15000,4,722.15,643.69,52.04,49.18,36.22,34.21,0.70,0.69,24,21.5,0.49,0.465,9.84,9.12,9.84,9.12,0.19,0.18,0.19,0.18,16.05,15.84,0.37,0.31,87,3.77
O,1,1,8,sw10_242a,sw10_242a,Physeteridae+Ziphiidae,Physeter_macrocephalus,Sheet1,1000,2650,15,28000,19,379.47,304.62,39.41,31.18,30.38,10.39,0.82,0.41,17,3,0.46,0.1,14.50,7.76,7.83,7.83,0.73,0.27,0.20,0.20,34.72,14.76,0.99,0.59,75,17.43
O,1,2,8,sw10_248a,sw10_248a,Physeteridae+Ziphiidae,Physeter_macrocephalus,Sheet1,1000,2650,15,28000,8,522.30,292.24,45.06,28.58,37.49,18.73,0.83,0.66,28,10,0.62,0.365,10.86,9.12,7.02,7.02,0.41,0.32,0.16,0.16,26.10,10.31,0.99,0.34,91,9.88
O,1,3,8,sw05_196a,sw05_196a,Physeteridae+Ziphiidae,Physeter_macrocephalus,Sheet1,1000,2650,15,28000,28,552.17,167.77,37.80,30.23,31.99,17.42,0.85,0.57,11,4.5,0.34,0.175,74.15,9.50,10.39,9.98,2.72,0.32,0.27,0.33,28.75,11.38,0.99,0.43,155,21.35
O,1,4,8,sw05_199a,sw05_199a,Physeteridae+Ziphiidae,Physeter_macrocephalus,Sheet1,1000,2650,15,28000,25,1601.68,159.49,50.38,33.02,37.93,16.47,0.85,0.52,29,4,0.58,0.15,9.35,6.68,4.26,4.26,3.18,0.20,0.08,0.08,32.68,14.47,0.99,0.48,144,18.09
O,1,5,8,sw05_199b,sw05_199b,Physeteridae+Ziphiidae,Physeter_macrocephalus,Sheet1,1000,2650,15,28000,15,1861.78,201.19,56.60,28.35,36.91,19.28,0.82,0.59,40,6,0.75,0.21,105.39,6.78,10.81,13.09,4.03,0.25,0.19,0.25,27.27,19.69,0.99,0.41,203,13.84
O,1,6,8,sw05_199c,sw05_199c,Physeteridae+Ziphiidae,Physeter_macrocephalus,Sheet1,1000,2650,15,28000,9,1812.44,1690.75,46.63,41.56,32.26,21.92,0.69,0.53,45,32,0.96,0.75,161.45,11.44,11.44,10.55,4.19,0.30,0.25,0.27,20.43,16.10,0.96,0.47,243,13.39
O,1,7,8,sw09_153a,sw09_153a,Physeteridae+Ziphiidae,Physeter_macrocephalus,Sheet1,1000,2650,15,28000,14,349.57,165.52,35.06,29.88,24.93,14.17,0.82,0.59,9,4.5,0.33,0.17,7.53,6.76,3.70,3.70,0.44,0.25,0.11,0.11,31.40,11.39,0.99,0.41,63,8.60
O,1,8,8,sw10_147a,sw10_147a,Physeteridae+Ziphiidae,Physeter_macrocephalus,Sheet1,1000,2650,15,28000,17,683.47,570.41,36.62,28.84,19.84,13.16,0.67,0.42,12,8,0.42,0.27,14.84,10.91,14.84,11.16,0.67,0.39,0.41,0.33,21.50,16.39,0.98,0.58,129,15.88
O,1,9,8,sw10_149a,sw10_149a,Physeteridae+Ziphiidae,Physeter_macrocephalus,Sheet1,1000,2650,15,28000,26,1122.19,209.17,42.24,28.05,33.63,7.94,0.89,0.31,10,3,0.28,0.09,12.44,7.48,12.44,12.44,0.38,0.28,0.29,0.29,30.79,18.29,0.99,0.69,85,16.20
O,1,10,8,sw10_150a,sw10_150a,Physeteridae+Ziphiidae,Physeter_macrocephalus,Sheet1,1000,2650,15,28000,27,577.72,467.18,28.17,21.33,14.42,7.24,0.58,0.36,11,6,0.5,0.26,10.65,7.10,8.87,7.69,0.60,0.31,0.31,0.29,20.32,13.00,0.98,0.64,162,13.96
O,1,1,5,zc13_210a,zc13_210a,Physeteridae+Ziphiidae,Ziphius_cavirostris,Sheet1,154,474,6.6,2900,2,1768.79,1757.90,79.38,76.29,39.94,39.28,0.55,0.52,58,52,0.79,0.685,166.15,158.99,166.15,166.15,2.09,2.08,2.09,2.09,40.76,37.01,0.51,0.48,110,8.15
O,1,2,5,zc15_205a,zc15_205a,Physeteridae+Ziphiidae,Ziphius_cavirostris,Sheet1,154,474,6.6,2900,9,1752.13,1083.23,80.71,62.00,55.42,38.81,0.69,0.63,46,35,0.81,0.55,155.95,99.80,50.99,99.80,2.66,1.57,0.63,1.69,28.50,25.29,0.47,0.37,308,24.70
O,1,3,5,zc15_212b,zc15_212b,Physeteridae+Ziphiidae,Ziphius_cavirostris,Sheet1,154,474,6.6,2900,7,1714.34,1681.05,62.25,61.03,39.94,36.83,0.64,0.60,38,34,0.62,0.55,88.37,56.52,66.84,49.05,1.45,0.94,1.07,0.82,40.31,24.20,0.99,0.40,190,11.83
O,1,4,5,zc17_227a,zc17_227a,Physeteridae+Ziphiidae,Ziphius_cavirostris,Sheet1,154,474,6.6,2900,6,1536.08,1332.56,72.90,63.02,36.10,30.73,0.53,0.50,32,21.5,0.46,0.38,192.95,89.49,121.91,95.38,2.91,1.45,1.67,1.38,41.68,31.94,0.57,0.50,168,18.13